model_name,model_variant,relation,fact_id,relation_control_fact_id,best_family,worst_family,layer_strategy,early_layer,late_layer,baseline_best_answer_f1,projected_best_answer_f1,project_best_answer_f1_delta,baseline_best_selectivity,projected_best_selectivity,project_best_selectivity_delta,baseline_best_alignment,projected_best_alignment,project_best_alignment_delta,projected_best_control_answer_f1,project_best_control_answer_f1_delta,projected_best_control_selectivity,project_best_control_selectivity_delta,projected_best_control_alignment,project_best_control_alignment_delta,projected_best_random_answer_f1,project_best_random_answer_f1_delta,projected_best_random_selectivity,project_best_random_selectivity_delta,projected_best_random_alignment,project_best_random_alignment_delta,baseline_worst_answer_f1,patched_worst_answer_f1,patch_worst_answer_f1_delta,baseline_worst_selectivity,patched_worst_selectivity,patch_worst_selectivity_delta,baseline_worst_alignment,patched_worst_alignment,patch_worst_alignment_delta,patched_worst_control_answer_f1,patch_worst_control_answer_f1_delta,patched_worst_control_selectivity,patch_worst_control_selectivity_delta,patched_worst_control_alignment,patch_worst_control_alignment_delta,patched_worst_random_answer_f1,patch_worst_random_answer_f1_delta,patched_worst_random_selectivity,patch_worst_random_selectivity_delta,patched_worst_random_alignment,patch_worst_random_alignment_delta
smollm2_360m_base,base,capital,capital:14,capital:15,qa,chat_template,primary,0,26,0.33333333333333337,0.33333333333333337,0.0,0.33333333333333337,0.33333333333333337,0.0,0.06472361087799072,0.06943243741989136,0.004708826541900635,0.33333333333333337,0.0,0.33333333333333337,0.0,0.06452852487564087,-0.00019508600234985352,0.33333333333333337,0.0,0.33333333333333337,0.0,0.06382864713668823,-0.0008949637413024902,1.0,0.0,-1.0,1.0,0.0,-1.0,0.018927931785583496,0.015325009822845459,-0.003602921962738037,0.2857142857142857,-0.7142857142857143,0.2857142857142857,-0.7142857142857143,0.008164405822753906,-0.01076352596282959,1.0,0.0,1.0,0.0,0.01471412181854248,-0.004213809967041016
smollm2_360m_base,base,capital,capital:15,capital:16,qa,chat_template,primary,0,26,0.33333333333333337,0.33333333333333337,0.0,0.33333333333333337,0.33333333333333337,0.0,0.11137491464614868,0.09165632724761963,-0.019718587398529053,0.33333333333333337,0.0,0.33333333333333337,0.0,0.08876544237136841,-0.022609472274780273,0.33333333333333337,0.0,0.33333333333333337,0.0,0.11164522171020508,0.0002703070640563965,1.0,1.0,0.0,1.0,1.0,0.0,0.021628379821777344,0.025873303413391113,0.0042449235916137695,1.0,0.0,1.0,0.0,0.027889728546142578,0.006261348724365234,1.0,0.0,1.0,0.0,0.029712975025177002,0.008084595203399658
smollm2_360m_base,base,capital,capital:16,capital:17,qa,chat_template,primary,0,26,0.25,0.25,0.0,0.25,0.25,0.0,0.0915226936340332,0.08412909507751465,-0.007393598556518555,0.25,0.0,0.25,0.0,0.0833393931388855,-0.008183300495147705,0.25,0.0,0.25,0.0,0.09155958890914917,3.68952751159668e-05,0.2857142857142857,0.33333333333333337,0.04761904761904767,0.2857142857142857,0.33333333333333337,0.04761904761904767,0.020324230194091797,0.02564263343811035,0.005318403244018555,0.2857142857142857,0.0,0.2857142857142857,0.0,0.024427592754364014,0.004103362560272217,0.2857142857142857,0.0,0.2857142857142857,0.0,0.023535728454589844,0.003211498260498047
smollm2_360m_base,base,capital,capital:17,capital:2,qa,chat_template,primary,0,26,0.4,0.0,-0.4,0.4,0.0,-0.4,0.05996847152709961,0.05491513013839722,-0.005053341388702393,0.0,-0.4,0.0,-0.4,0.054099321365356445,-0.005869150161743164,0.4,0.0,0.4,0.0,0.05994385480880737,-2.4616718292236328e-05,0.0,0.0,0.0,0.0,0.0,0.0,0.0196416974067688,0.01817142963409424,-0.0014702677726745605,0.0,0.0,0.0,0.0,0.018513023853302002,-0.0011286735534667969,0.0,0.0,0.0,0.0,0.01893603801727295,-0.0007056593894958496
smollm2_360m_base,base,official_language,official_language:14,official_language:15,qa,chat_template,primary,0,26,0.25,0.25,0.0,0.0,0.0,0.0,0.02560257911682129,0.028887808322906494,0.003285229206085205,0.25,0.0,0.0,0.0,0.025898218154907227,0.0002956390380859375,0.25,0.0,0.0,0.0,0.025276899337768555,-0.0003256797790527344,0.4,0.2857142857142857,-0.11428571428571432,0.0,0.0,0.0,0.015962660312652588,0.01370328664779663,-0.002259373664855957,0.2857142857142857,-0.11428571428571432,0.0,0.0,0.009494125843048096,-0.006468534469604492,0.2857142857142857,-0.11428571428571432,0.0,0.0,0.012499690055847168,-0.00346297025680542
smollm2_360m_base,base,official_language,official_language:15,official_language:16,qa,chat_template,primary,0,26,0.25,0.25,0.0,0.25,0.25,0.0,0.04155486822128296,0.03231489658355713,-0.00923997163772583,0.25,0.0,0.25,0.0,0.03176385164260864,-0.009791016578674316,0.25,0.0,0.25,0.0,0.04059159755706787,-0.0009632706642150879,0.5,0.5,0.0,0.5,0.5,0.0,0.02497166395187378,0.02542734146118164,0.00045567750930786133,0.5,0.0,0.5,0.0,0.024521172046661377,-0.00045049190521240234,0.5,0.0,0.5,0.0,0.024691879749298096,-0.0002797842025756836
smollm2_360m_base,base,official_language,official_language:16,official_language:17,qa,chat_template,primary,0,26,0.25,0.25,0.0,0.25,0.25,0.0,0.049774348735809326,0.03835028409957886,-0.011424064636230469,0.25,0.0,0.25,0.0,0.03670036792755127,-0.013073980808258057,0.25,0.0,0.25,0.0,0.04956233501434326,-0.00021201372146606445,0.0,0.0,0.0,0.0,0.0,0.0,0.022784709930419922,0.023266911506652832,0.00048220157623291016,0.0,0.0,0.0,0.0,0.02277839183807373,-6.318092346191406e-06,0.0,0.0,0.0,0.0,0.020685195922851562,-0.0020995140075683594
smollm2_360m_base,base,official_language,official_language:17,official_language:2,qa,chat_template,primary,0,26,0.25,0.25,0.0,0.25,0.25,0.0,0.027843236923217773,0.026106953620910645,-0.001736283302307129,0.25,0.0,0.25,0.0,0.026007115840911865,-0.0018361210823059082,0.25,0.0,0.25,0.0,0.027859210968017578,1.5974044799804688e-05,0.25,0.25,0.0,0.25,0.25,0.0,0.016217470169067383,0.015437960624694824,-0.0007795095443725586,0.25,0.0,0.25,0.0,0.015294015407562256,-0.000923454761505127,0.25,0.0,0.25,0.0,0.01582282781600952,-0.00039464235305786133
smollm2_360m_base,base,currency,currency:14,currency:15,qa,chat_template,primary,0,26,0.5714285714285715,0.8,0.22857142857142854,0.28571428571428575,0.4,0.11428571428571427,0.020970284938812256,0.02362126111984253,0.0026509761810302734,0.5714285714285715,0.0,0.28571428571428575,0.0,0.02112036943435669,0.0001500844955444336,0.5714285714285715,0.0,0.28571428571428575,0.0,0.021002352237701416,3.2067298889160156e-05,1.0,1.0,0.0,0.5,0.5,0.0,0.009073495864868164,0.007734358310699463,-0.0013391375541687012,0.4444444444444445,-0.5555555555555556,0.22222222222222224,-0.2777777777777778,0.0017934441566467285,-0.0072800517082214355,1.0,0.0,0.5,0.0,0.004552304744720459,-0.004521191120147705
smollm2_360m_base,base,currency,currency:15,currency:16,qa,chat_template,primary,0,26,0.5714285714285715,0.5714285714285715,0.0,0.5714285714285715,0.5714285714285715,0.0,0.0349467396736145,0.024112403392791748,-0.010834336280822754,0.5714285714285715,0.0,0.5714285714285715,0.0,0.023698031902313232,-0.01124870777130127,0.5714285714285715,0.0,0.5714285714285715,0.0,0.03393465280532837,-0.0010120868682861328,0.6666666666666666,0.6666666666666666,0.0,0.6666666666666666,0.6666666666666666,0.0,0.008967161178588867,0.007788896560668945,-0.0011782646179199219,0.6666666666666666,0.0,0.6666666666666666,0.0,0.00792384147644043,-0.0010433197021484375,0.6666666666666666,0.0,0.6666666666666666,0.0,0.010094165802001953,0.001127004623413086
smollm2_360m_base,base,currency,currency:16,currency:17,qa,chat_template,primary,0,26,0.5,0.6666666666666666,0.16666666666666663,0.0,0.0,0.0,0.03373086452484131,0.030040442943572998,-0.0036904215812683105,0.6666666666666666,0.16666666666666663,0.0,0.0,0.029603242874145508,-0.004127621650695801,0.5,0.0,0.0,0.0,0.033307671546936035,-0.00042319297790527344,0.6666666666666666,0.6666666666666666,0.0,0.0,0.0,0.0,0.017362534999847412,0.018127381801605225,0.0007648468017578125,0.6666666666666666,0.0,0.0,0.0,0.017522573471069336,0.00016003847122192383,0.6666666666666666,0.0,0.0,0.0,0.017214536666870117,-0.00014799833297729492
smollm2_360m_base,base,currency,currency:17,currency:2,qa,chat_template,primary,0,26,0.4444444444444445,0.25,-0.19444444444444448,0.22222222222222224,0.0,-0.22222222222222224,0.020962953567504883,0.02008873224258423,-0.0008742213249206543,0.25,-0.19444444444444448,0.0,-0.22222222222222224,0.02034062147140503,-0.0006223320960998535,0.4444444444444445,0.0,0.22222222222222224,0.0,0.021077990531921387,0.0001150369644165039,0.5714285714285715,0.6666666666666666,0.09523809523809512,0.28571428571428575,0.3333333333333333,0.04761904761904756,0.010428130626678467,0.00984036922454834,-0.000587761402130127,0.5714285714285715,0.0,0.28571428571428575,0.0,0.009875655174255371,-0.0005524754524230957,0.6666666666666666,0.09523809523809512,0.3333333333333333,0.04761904761904756,0.010161161422729492,-0.0002669692039489746
smollm2_360m_base,base,headquarters,headquarters:14,headquarters:15,qa,chat_template,primary,0,26,0.6666666666666666,0.6666666666666666,0.0,0.6666666666666666,0.6666666666666666,0.0,0.01657700538635254,0.011481821537017822,-0.005095183849334717,0.6666666666666666,0.0,0.6666666666666666,0.0,0.015675723552703857,-0.0009012818336486816,0.6666666666666666,0.0,0.6666666666666666,0.0,0.016335368156433105,-0.0002416372299194336,0.2857142857142857,0.2857142857142857,0.0,0.2857142857142857,0.2857142857142857,0.0,0.008840620517730713,0.008325397968292236,-0.0005152225494384766,0.0,-0.2857142857142857,0.0,-0.2857142857142857,0.007388770580291748,-0.0014518499374389648,0.2857142857142857,0.0,0.2857142857142857,0.0,0.007737278938293457,-0.0011033415794372559
smollm2_360m_base,base,headquarters,headquarters:15,headquarters:16,qa,chat_template,primary,0,26,0.0,0.0,0.0,0.0,0.0,0.0,0.021874308586120605,-0.009096264839172363,-0.03097057342529297,0.0,0.0,0.0,0.0,-0.0020128488540649414,-0.023887157440185547,0.0,0.0,0.0,0.0,0.022131383419036865,0.00025707483291625977,0.0,0.0,0.0,0.0,0.0,0.0,0.009305059909820557,0.009249567985534668,-5.549192428588867e-05,0.0,0.0,-0.1818181818181818,-0.1818181818181818,-0.01721644401550293,-0.026521503925323486,0.0,0.0,0.0,0.0,-0.014677464962005615,-0.023982524871826172
smollm2_360m_base,base,headquarters,headquarters:16,headquarters:17,qa,chat_template,primary,0,26,0.0,0.0,0.0,-1.0,-1.0,0.0,0.013237357139587402,-0.00041794776916503906,-0.013655304908752441,0.0,0.0,-1.0,0.0,-0.0022541284561157227,-0.015491485595703125,0.0,0.0,-1.0,0.0,0.012801289558410645,-0.0004360675811767578,0.0,0.0,0.0,0.0,0.0,0.0,0.002059638500213623,0.001502692699432373,-0.00055694580078125,0.0,0.0,0.0,0.0,0.0009132027626037598,-0.0011464357376098633,0.0,0.0,-0.4,-0.4,0.0024561285972595215,0.00039649009704589844
smollm2_360m_base,base,headquarters,headquarters:17,headquarters:2,qa,chat_template,primary,0,26,0.8,0.2,-0.6000000000000001,0.8,0.2,-0.6000000000000001,0.032441139221191406,0.03126257658004761,-0.0011785626411437988,0.2,-0.6000000000000001,0.2,-0.6000000000000001,0.03329432010650635,0.0008531808853149414,0.4,-0.4,0.4,-0.4,0.031867146492004395,-0.0005739927291870117,0.0,0.0,0.0,-0.25,-0.2857142857142857,-0.0357142857142857,0.025699079036712646,0.02511584758758545,-0.0005832314491271973,0.0,0.0,-0.25,0.0,0.026652216911315918,0.0009531378746032715,0.0,0.0,-0.25,0.0,0.028068482875823975,0.002369403839111328
smollm2_360m_base,base,birth_place,birth_place:14,birth_place:15,qa,chat_template,primary,0,26,0.0,0.0,0.0,0.0,0.0,0.0,0.02523064613342285,0.004840552806854248,-0.020390093326568604,0.0,0.0,0.0,0.0,0.024912476539611816,-0.00031816959381103516,0.0,0.0,0.0,0.0,0.025677859783172607,0.00044721364974975586,0.0,0.0,0.0,0.0,0.0,0.0,0.012108206748962402,0.012102365493774414,-5.841255187988281e-06,0.0,0.0,0.0,0.0,0.007275581359863281,-0.004832625389099121,0.0,0.0,0.0,0.0,0.008261144161224365,-0.003847062587738037
smollm2_360m_base,base,birth_place,birth_place:15,birth_place:16,qa,chat_template,primary,0,26,0.0,0.0,0.0,0.0,0.0,0.0,0.04322844743728638,-0.004952609539031982,-0.04818105697631836,0.0,0.0,0.0,0.0,0.044930458068847656,0.0017020106315612793,1.0,1.0,1.0,1.0,0.04277396202087402,-0.0004544854164123535,0.0,0.0,0.0,0.0,0.0,0.0,0.0193479061126709,0.013953924179077148,-0.00539398193359375,0.0,0.0,0.0,0.0,-0.010439872741699219,-0.029787778854370117,0.0,0.0,0.0,0.0,-0.009376704692840576,-0.028724610805511475
smollm2_360m_base,base,birth_place,birth_place:16,birth_place:17,qa,chat_template,primary,0,26,0.6,0.0,-0.6,0.6,0.0,-0.6,0.09808754920959473,-0.04276454448699951,-0.14085209369659424,0.6,0.0,0.6,0.0,0.09758853912353516,-0.0004990100860595703,0.6,0.0,0.6,0.0,0.09673982858657837,-0.0013477206230163574,0.0,0.0,0.0,0.0,0.0,0.0,0.002501070499420166,0.0039042234420776367,0.0014031529426574707,0.0,0.0,0.0,0.0,-0.007130026817321777,-0.009631097316741943,0.0,0.0,0.0,0.0,-0.02144712209701538,-0.023948192596435547
smollm2_360m_base,base,birth_place,birth_place:17,birth_place:2,qa,chat_template,primary,0,26,0.0,0.0,0.0,0.0,0.0,0.0,0.03028315305709839,0.00587010383605957,-0.02441304922103882,0.0,0.0,0.0,0.0,0.03027099370956421,-1.2159347534179688e-05,0.0,0.0,0.0,0.0,0.030001461505889893,-0.0002816915512084961,0.0,0.0,0.0,0.0,0.0,0.0,0.016252577304840088,0.014657199382781982,-0.0015953779220581055,0.0,0.0,0.0,0.0,0.007237493991851807,-0.009015083312988281,0.0,0.0,0.0,0.0,0.01018977165222168,-0.006062805652618408
smollm2_360m_base,base,capital,capital:14,capital:15,qa,chat_template,plus_one,1,26,0.33333333333333337,0.33333333333333337,0.0,0.33333333333333337,0.33333333333333337,0.0,0.06472361087799072,0.06948530673980713,0.004761695861816406,0.33333333333333337,0.0,0.33333333333333337,0.0,0.06790989637374878,0.0031862854957580566,0.33333333333333337,0.0,0.33333333333333337,0.0,0.064602792263031,-0.0001208186149597168,1.0,0.0,-1.0,1.0,0.0,-1.0,0.018927931785583496,0.015445291996002197,-0.003482639789581299,0.2857142857142857,-0.7142857142857143,0.2857142857142857,-0.7142857142857143,0.01270902156829834,-0.006218910217285156,1.0,0.0,1.0,0.0,0.012909770011901855,-0.006018161773681641
smollm2_360m_base,base,capital,capital:15,capital:16,qa,chat_template,plus_one,1,26,0.33333333333333337,0.33333333333333337,0.0,0.33333333333333337,0.33333333333333337,0.0,0.11137491464614868,0.10074836015701294,-0.010626554489135742,0.33333333333333337,0.0,0.33333333333333337,0.0,0.1010468602180481,-0.010328054428100586,0.33333333333333337,0.0,0.33333333333333337,0.0,0.112057626247406,0.0006827116012573242,1.0,1.0,0.0,1.0,1.0,0.0,0.021628379821777344,0.029846131801605225,0.00821775197982788,1.0,0.0,1.0,0.0,0.02624732255935669,0.004618942737579346,1.0,0.0,1.0,0.0,0.021087169647216797,-0.0005412101745605469
smollm2_360m_base,base,capital,capital:16,capital:17,qa,chat_template,plus_one,1,26,0.25,0.2222222222222222,-0.02777777777777779,0.25,0.2222222222222222,-0.02777777777777779,0.0915226936340332,0.08739769458770752,-0.004124999046325684,0.2222222222222222,-0.02777777777777779,0.2222222222222222,-0.02777777777777779,0.08680635690689087,-0.004716336727142334,0.25,0.0,0.25,0.0,0.09175354242324829,0.0002308487892150879,0.2857142857142857,0.33333333333333337,0.04761904761904767,0.2857142857142857,0.33333333333333337,0.04761904761904767,0.020324230194091797,0.022853374481201172,0.002529144287109375,0.33333333333333337,0.04761904761904767,0.33333333333333337,0.04761904761904767,0.024267137050628662,0.003942906856536865,0.33333333333333337,0.04761904761904767,0.33333333333333337,0.04761904761904767,0.01966160535812378,-0.0006626248359680176
smollm2_360m_base,base,capital,capital:17,capital:2,qa,chat_template,plus_one,1,26,0.4,0.0,-0.4,0.4,0.0,-0.4,0.05996847152709961,0.05412161350250244,-0.005846858024597168,0.0,-0.4,0.0,-0.4,0.05530238151550293,-0.00466609001159668,0.4,0.0,0.4,0.0,0.06038928031921387,0.0004208087921142578,0.0,0.0,0.0,0.0,0.0,0.0,0.0196416974067688,0.016620934009552002,-0.003020763397216797,0.0,0.0,0.0,0.0,0.01815485954284668,-0.0014868378639221191,0.0,0.0,0.0,0.0,0.019958913326263428,0.0003172159194946289
smollm2_360m_base,base,official_language,official_language:14,official_language:15,qa,chat_template,plus_one,1,26,0.25,0.25,0.0,0.0,0.0,0.0,0.02560257911682129,0.028283298015594482,0.0026807188987731934,0.25,0.0,0.0,0.0,0.0263211727142334,0.0007185935974121094,0.25,0.0,0.0,0.0,0.02559494972229004,-7.62939453125e-06,0.4,0.4,0.0,0.0,0.0,0.0,0.015962660312652588,0.014082908630371094,-0.0018797516822814941,0.4,0.0,0.0,0.0,0.012600839138031006,-0.003361821174621582,0.4,0.0,0.0,0.0,0.01448976993560791,-0.0014728903770446777
smollm2_360m_base,base,official_language,official_language:15,official_language:16,qa,chat_template,plus_one,1,26,0.25,0.25,0.0,0.25,0.25,0.0,0.04155486822128296,0.033887267112731934,-0.007667601108551025,0.25,0.0,0.25,0.0,0.035733819007873535,-0.005821049213409424,0.25,0.0,0.25,0.0,0.04087191820144653,-0.0006829500198364258,0.5,0.5,0.0,0.5,0.5,0.0,0.02497166395187378,0.025210857391357422,0.00023919343948364258,0.5,0.0,0.5,0.0,0.02509784698486328,0.00012618303298950195,0.33333333333333337,-0.16666666666666663,0.33333333333333337,-0.16666666666666663,0.016510188579559326,-0.008461475372314453
smollm2_360m_base,base,official_language,official_language:16,official_language:17,qa,chat_template,plus_one,1,26,0.25,0.25,0.0,0.25,0.25,0.0,0.049774348735809326,0.04145759344100952,-0.008316755294799805,0.25,0.0,0.25,0.0,0.041351139545440674,-0.008423209190368652,0.25,0.0,0.25,0.0,0.049629390239715576,-0.00014495849609375,0.0,0.0,0.0,0.0,0.0,0.0,0.022784709930419922,0.019061803817749023,-0.0037229061126708984,0.0,0.0,0.0,0.0,0.02109074592590332,-0.0016939640045166016,0.0,0.0,0.0,0.0,0.0209578275680542,-0.0018268823623657227
smollm2_360m_base,base,official_language,official_language:17,official_language:2,qa,chat_template,plus_one,1,26,0.25,0.25,0.0,0.25,0.25,0.0,0.027843236923217773,0.0253981351852417,-0.0024451017379760742,0.25,0.0,0.25,0.0,0.0267486572265625,-0.0010945796966552734,0.25,0.0,0.25,0.0,0.027822911739349365,-2.0325183868408203e-05,0.25,0.25,0.0,0.25,0.25,0.0,0.016217470169067383,0.015374481678009033,-0.0008429884910583496,0.25,0.0,0.25,0.0,0.015084147453308105,-0.0011333227157592773,0.25,0.0,0.25,0.0,0.015085875988006592,-0.001131594181060791
smollm2_360m_base,base,currency,currency:14,currency:15,qa,chat_template,plus_one,1,26,0.5714285714285715,0.0,-0.5714285714285715,0.28571428571428575,0.0,-0.28571428571428575,0.020970284938812256,0.022916018962860107,0.0019457340240478516,0.5714285714285715,0.0,0.28571428571428575,0.0,0.02178126573562622,0.0008109807968139648,0.5,-0.07142857142857151,0.25,-0.035714285714285754,0.02121025323867798,0.00023996829986572266,1.0,1.0,0.0,0.5,0.5,0.0,0.009073495864868164,0.008086085319519043,-0.000987410545349121,0.4444444444444445,-0.5555555555555556,0.22222222222222224,-0.2777777777777778,0.002545475959777832,-0.006528019905090332,1.0,0.0,0.5,0.0,0.005456149578094482,-0.0036173462867736816
smollm2_360m_base,base,currency,currency:15,currency:16,qa,chat_template,plus_one,1,26,0.5714285714285715,0.8,0.22857142857142854,0.5714285714285715,0.8,0.22857142857142854,0.0349467396736145,0.03250235319137573,-0.0024443864822387695,0.8,0.22857142857142854,0.8,0.22857142857142854,0.03325527906417847,-0.0016914606094360352,0.8,0.22857142857142854,0.8,0.22857142857142854,0.03585219383239746,0.000905454158782959,0.6666666666666666,0.6666666666666666,0.0,0.6666666666666666,0.6666666666666666,0.0,0.008967161178588867,0.009851038455963135,0.0008838772773742676,0.6666666666666666,0.0,0.6666666666666666,0.0,0.010028243064880371,0.001061081886291504,0.6666666666666666,0.0,0.6666666666666666,0.0,0.010091006755828857,0.0011238455772399902
smollm2_360m_base,base,currency,currency:16,currency:17,qa,chat_template,plus_one,1,26,0.5,0.5,0.0,0.0,0.0,0.0,0.03373086452484131,0.03423619270324707,0.0005053281784057617,0.6666666666666666,0.16666666666666663,0.0,0.0,0.03288078308105469,-0.0008500814437866211,0.5,0.0,0.0,0.0,0.033154070377349854,-0.0005767941474914551,0.6666666666666666,0.6666666666666666,0.0,0.0,0.0,0.0,0.017362534999847412,0.01638638973236084,-0.0009761452674865723,0.6666666666666666,0.0,0.0,0.0,0.017025291919708252,-0.00033724308013916016,0.6666666666666666,0.0,0.0,0.0,0.018396735191345215,0.0010342001914978027
smollm2_360m_base,base,currency,currency:17,currency:2,qa,chat_template,plus_one,1,26,0.4444444444444445,0.4444444444444445,0.0,0.22222222222222224,0.22222222222222224,0.0,0.020962953567504883,0.020274341106414795,-0.0006886124610900879,0.4444444444444445,0.0,0.22222222222222224,0.0,0.02118062973022461,0.00021767616271972656,0.4444444444444445,0.0,0.22222222222222224,0.0,0.020967543125152588,4.589557647705078e-06,0.5714285714285715,0.5,-0.07142857142857151,0.28571428571428575,0.25,-0.035714285714285754,0.010428130626678467,0.009783506393432617,-0.0006446242332458496,0.6666666666666666,0.09523809523809512,0.3333333333333333,0.04761904761904756,0.009783804416656494,-0.0006443262100219727,0.5,-0.07142857142857151,0.25,-0.035714285714285754,0.011070728302001953,0.0006425976753234863
smollm2_360m_base,base,headquarters,headquarters:14,headquarters:15,qa,chat_template,plus_one,1,26,0.6666666666666666,0.6666666666666666,0.0,0.6666666666666666,0.6666666666666666,0.0,0.01657700538635254,0.009529471397399902,-0.007047533988952637,0.6666666666666666,0.0,0.6666666666666666,0.0,0.015999436378479004,-0.0005775690078735352,0.6666666666666666,0.0,0.6666666666666666,0.0,0.01614701747894287,-0.00042998790740966797,0.2857142857142857,0.2857142857142857,0.0,0.2857142857142857,0.2857142857142857,0.0,0.008840620517730713,0.008211791515350342,-0.0006288290023803711,0.0,-0.2857142857142857,0.0,-0.2857142857142857,0.009862005710601807,0.0010213851928710938,0.2857142857142857,0.0,0.2857142857142857,0.0,0.0089530348777771,0.00011241436004638672
smollm2_360m_base,base,headquarters,headquarters:15,headquarters:16,qa,chat_template,plus_one,1,26,0.0,0.0,0.0,0.0,0.0,0.0,0.021874308586120605,-0.006122589111328125,-0.02799689769744873,0.0,0.0,0.0,0.0,0.019179582595825195,-0.00269472599029541,0.0,0.0,0.0,0.0,0.022011101245880127,0.00013679265975952148,0.0,0.0,0.0,0.0,0.0,0.0,0.009305059909820557,0.004028201103210449,-0.005276858806610107,0.0,0.0,-0.1818181818181818,-0.1818181818181818,-0.01718956232070923,-0.026494622230529785,0.0,0.0,-0.1818181818181818,-0.1818181818181818,-0.005576133728027344,-0.0148811936378479
smollm2_360m_base,base,headquarters,headquarters:16,headquarters:17,qa,chat_template,plus_one,1,26,0.0,0.0,0.0,-1.0,-1.0,0.0,0.013237357139587402,-0.0071977972984313965,-0.0204351544380188,0.0,0.0,-1.0,0.0,-0.0036743879318237305,-0.016911745071411133,0.0,0.0,-1.0,0.0,0.013175666332244873,-6.16908073425293e-05,0.0,0.0,0.0,0.0,0.0,0.0,0.002059638500213623,0.0006859898567199707,-0.0013736486434936523,0.0,0.0,0.0,0.0,0.0009559988975524902,-0.0011036396026611328,0.0,0.0,0.0,0.0,0.0032269954681396484,0.0011673569679260254
smollm2_360m_base,base,headquarters,headquarters:17,headquarters:2,qa,chat_template,plus_one,1,26,0.8,0.2,-0.6000000000000001,0.8,0.2,-0.6000000000000001,0.032441139221191406,0.031204700469970703,-0.0012364387512207031,0.2,-0.6000000000000001,0.2,-0.6000000000000001,0.031172335147857666,-0.0012688040733337402,0.4,-0.4,0.4,-0.4,0.03193932771682739,-0.0005018115043640137,0.0,0.0,0.0,-0.25,-0.25,0.0,0.025699079036712646,0.025950729846954346,0.0002516508102416992,0.0,0.0,-0.2857142857142857,-0.0357142857142857,0.02515888214111328,-0.0005401968955993652,0.0,0.0,-0.25,0.0,0.027483999729156494,0.0017849206924438477
smollm2_360m_base,base,birth_place,birth_place:14,birth_place:15,qa,chat_template,plus_one,1,26,0.0,0.0,0.0,0.0,0.0,0.0,0.02523064613342285,0.0034485459327697754,-0.021782100200653076,0.0,0.0,0.0,0.0,0.026182055473327637,0.0009514093399047852,0.0,0.0,0.0,0.0,0.025281786918640137,5.1140785217285156e-05,0.0,0.0,0.0,0.0,0.0,0.0,0.012108206748962402,0.011209070682525635,-0.0008991360664367676,0.0,0.0,0.0,0.0,0.0066089630126953125,-0.00549924373626709,0.0,0.0,0.0,0.0,0.011715054512023926,-0.00039315223693847656
smollm2_360m_base,base,birth_place,birth_place:15,birth_place:16,qa,chat_template,plus_one,1,26,0.0,0.0,0.0,0.0,0.0,0.0,0.04322844743728638,-0.005243062973022461,-0.04847151041030884,0.0,0.0,0.0,0.0,0.04431259632110596,0.00108414888381958,1.0,1.0,1.0,1.0,0.04363834857940674,0.00040990114212036133,0.0,0.0,0.0,0.0,0.0,0.0,0.0193479061126709,0.0165252685546875,-0.0028226375579833984,0.0,0.0,0.0,0.0,-0.010958611965179443,-0.030306518077850342,0.0,0.0,0.0,0.0,-0.012187361717224121,-0.03153526782989502
smollm2_360m_base,base,birth_place,birth_place:16,birth_place:17,qa,chat_template,plus_one,1,26,0.6,0.0,-0.6,0.6,0.0,-0.6,0.09808754920959473,-0.04869282245635986,-0.1467803716659546,0.6,0.0,0.6,0.0,0.08899176120758057,-0.00909578800201416,0.6,0.0,0.6,0.0,0.09514325857162476,-0.0029442906379699707,0.0,0.0,0.0,0.0,0.0,0.0,0.002501070499420166,0.002053499221801758,-0.0004475712776184082,0.0,0.0,0.0,0.0,-0.014282286167144775,-0.01678335666656494,0.0,0.0,0.0,0.0,-0.02234095335006714,-0.024842023849487305
smollm2_360m_base,base,birth_place,birth_place:17,birth_place:2,qa,chat_template,plus_one,1,26,0.0,0.0,0.0,0.0,0.0,0.0,0.03028315305709839,0.007650136947631836,-0.022633016109466553,0.0,0.0,0.0,0.0,0.02730536460876465,-0.0029777884483337402,0.0,0.0,0.0,0.0,0.028446078300476074,-0.0018370747566223145,0.0,0.0,0.0,0.0,0.0,0.0,0.016252577304840088,0.0132942795753479,-0.0029582977294921875,0.0,0.0,0.0,0.0,0.006740272045135498,-0.00951230525970459,0.0,0.0,0.0,0.0,0.005362808704376221,-0.010889768600463867
