fact_id,relation,position,mean_invariance_gap,peak_invariance_gap,invariance_depth,split_eval,analysis_variant
birth_place:0,birth_place,preanswer,-0.1135641447912515,0.017090067139589382,21,all,all_families
birth_place:0,birth_place,subject,0.3198088037501794,0.8428098112792177,0,all,all_families
birth_place:1,birth_place,preanswer,-0.10932994689191294,-0.015820707468425566,-1,all,all_families
birth_place:1,birth_place,subject,0.3341592457862586,0.8020046250985973,0,all,all_families
birth_place:10,birth_place,preanswer,-0.10247131144788475,0.01643206712369827,21,all,all_families
birth_place:10,birth_place,subject,0.3727972197390949,0.8729041757766276,0,all,all_families
birth_place:11,birth_place,preanswer,-0.10672207705281277,0.01222806935216858,21,all,all_families
birth_place:11,birth_place,subject,0.2995713784416961,0.8494673314616745,0,all,all_families
birth_place:12,birth_place,preanswer,-0.10710894583676504,0.008540670296140696,21,all,all_families
birth_place:12,birth_place,subject,0.31354534615435536,0.890937498123522,0,all,all_families
birth_place:13,birth_place,preanswer,-0.10169597756826347,0.03528050375262315,21,all,all_families
birth_place:13,birth_place,subject,0.29628872042052706,0.8592511702043018,0,all,all_families
birth_place:14,birth_place,preanswer,-0.10497610888358667,0.017060138467772323,21,all,all_families
birth_place:14,birth_place,subject,0.29198005366164625,0.8234315053047669,0,all,all_families
birth_place:15,birth_place,preanswer,-0.1082507868337725,0.02829150453794238,21,all,all_families
birth_place:15,birth_place,subject,0.2942899902715664,0.8356776830155913,0,all,all_families
birth_place:16,birth_place,preanswer,-0.1126906404622109,-0.0057754750345268,-1,all,all_families
birth_place:16,birth_place,subject,0.327202748319383,0.8736086681216572,0,all,all_families
birth_place:17,birth_place,preanswer,-0.10406803882154299,0.010194199378876112,21,all,all_families
birth_place:17,birth_place,subject,0.29635580904704173,0.8680710867644367,0,all,all_families
birth_place:2,birth_place,preanswer,-0.10391429561298304,0.009685891296933646,21,all,all_families
birth_place:2,birth_place,subject,0.31319350438713506,0.8182949220485456,0,all,all_families
birth_place:3,birth_place,preanswer,-0.12398795086763581,-0.05082707128980579,-1,all,all_families
birth_place:3,birth_place,subject,0.299167907671492,0.9124194564053552,0,all,all_families
birth_place:4,birth_place,preanswer,-0.10790788882858655,-0.012009516504465356,-1,all,all_families
birth_place:4,birth_place,subject,0.31710777468229895,0.8525800663274805,0,all,all_families
birth_place:5,birth_place,preanswer,-0.09888357679782904,0.03689937059785797,21,all,all_families
birth_place:5,birth_place,subject,0.30428260381887456,0.7926661484993484,0,all,all_families
birth_place:6,birth_place,preanswer,-0.10512615177802315,0.02041259236341597,21,all,all_families
birth_place:6,birth_place,subject,0.3239872908558812,0.8589448278681968,0,all,all_families
birth_place:7,birth_place,preanswer,-0.10257888722259727,0.03802112762031018,21,all,all_families
birth_place:7,birth_place,subject,0.29078116285438904,0.8342635630876483,0,all,all_families
birth_place:8,birth_place,preanswer,-0.10277548548080684,0.013287670125125661,21,all,all_families
birth_place:8,birth_place,subject,0.2968030837423463,0.8666062809472137,0,all,all_families
birth_place:9,birth_place,preanswer,-0.10010553959893241,0.031127468938482727,21,all,all_families
birth_place:9,birth_place,subject,0.31288574659607976,0.7966413518468685,0,all,all_families
capital:0,capital,preanswer,-0.08628781749721504,0.03386980185613908,21,all,all_families
capital:0,capital,subject,-0.015151643211283,0.03653544519900109,0,all,all_families
capital:1,capital,preanswer,-0.08905980808273906,0.02822495642684253,21,all,all_families
capital:1,capital,subject,-0.018502300955755398,0.032943287937372334,1,all,all_families
capital:10,capital,preanswer,-0.09144108163933744,0.03071391776058019,21,all,all_families
capital:10,capital,subject,-0.018517093133566333,0.03310267954115198,1,all,all_families
capital:11,capital,preanswer,-0.08384894399703959,0.03638500734871508,21,all,all_families
capital:11,capital,subject,-0.015940238027599425,0.03426880780242236,1,all,all_families
capital:12,capital,preanswer,-0.08912324963433456,0.04218261962866077,21,all,all_families
capital:12,capital,subject,-0.016299648157810164,0.03240260554879315,0,all,all_families
capital:13,capital,preanswer,-0.08928360443578225,0.034043924079513954,21,all,all_families
capital:13,capital,subject,-0.01248535753908382,0.03266942347673807,1,all,all_families
capital:14,capital,preanswer,-0.08646485598968913,0.04102985345411536,21,all,all_families
capital:14,capital,subject,0.491130576624605,0.8569057614213842,0,all,all_families
capital:15,capital,preanswer,-0.09085325003876825,0.03968700152986193,21,all,all_families
capital:15,capital,subject,-0.024439657768869954,0.03170123712762318,1,all,all_families
capital:16,capital,preanswer,-0.08489242425887415,0.05640007679661119,21,all,all_families
capital:16,capital,subject,-0.014196641949002385,0.03271951480750368,1,all,all_families
capital:17,capital,preanswer,-0.09122473030457912,0.02706348074271403,21,all,all_families
capital:17,capital,subject,-0.016960161459233517,0.033898855796923755,1,all,all_families
capital:2,capital,preanswer,-0.08611643004479191,0.048395677086184974,21,all,all_families
capital:2,capital,subject,-0.017863228512806913,0.03159967022856658,1,all,all_families
capital:3,capital,preanswer,-0.08639650419678409,0.058159544077866165,21,all,all_families
capital:3,capital,subject,0.545178639861191,0.9448331910123884,0,all,all_families
capital:4,capital,preanswer,-0.08639725685127346,0.03374603646350849,21,all,all_families
capital:4,capital,subject,-0.015224146183231672,0.03798336199685648,0,all,all_families
capital:5,capital,preanswer,-0.08635725841784829,0.04590148354570067,21,all,all_families
capital:5,capital,subject,0.4926389082067866,0.8943730251425329,0,all,all_families
capital:6,capital,preanswer,-0.08483359501265797,0.06003679108678128,21,all,all_families
capital:6,capital,subject,-0.012700917616504041,0.037096718490562064,0,all,all_families
capital:7,capital,preanswer,-0.08772219837958035,0.03898615116143933,21,all,all_families
capital:7,capital,subject,-0.019162871458189523,0.03458917869583644,1,all,all_families
capital:8,capital,preanswer,-0.08312148856453098,0.06674108687130842,21,all,all_families
capital:8,capital,subject,-0.012652866179016993,0.032296238941889266,1,all,all_families
capital:9,capital,preanswer,-0.08404031783340864,0.06525740315955064,21,all,all_families
capital:9,capital,subject,-0.015470772080946714,0.0321605272919816,1,all,all_families
currency:0,currency,preanswer,-0.08739578100105859,0.017083013685894932,21,all,all_families
currency:0,currency,subject,-0.018385639576164528,0.03638290489713347,0,all,all_families
currency:1,currency,preanswer,-0.08825865959645147,0.01604533794463847,21,all,all_families
currency:1,currency,subject,-0.02202456789420311,0.03285446921911306,1,all,all_families
currency:10,currency,preanswer,-0.09024903484218978,0.011541768981545575,21,all,all_families
currency:10,currency,subject,-0.0226642262559419,0.0334126138146601,1,all,all_families
currency:11,currency,preanswer,-0.08283148798472172,0.0267910416804108,21,all,all_families
currency:11,currency,subject,-0.015673790337518607,0.03435095220658124,1,all,all_families
currency:12,currency,preanswer,-0.08891677713170769,0.017557551828669582,21,all,all_families
currency:12,currency,subject,-0.02012997937238063,0.033059262524486765,0,all,all_families
currency:13,currency,preanswer,-0.087329988358398,0.013432706541874784,21,all,all_families
currency:13,currency,subject,-0.014362024429906313,0.03187042655532846,1,all,all_families
currency:14,currency,preanswer,-0.08630927046752668,0.025375990306629848,21,all,all_families
currency:14,currency,subject,0.4956862437873592,0.8579918046244512,0,all,all_families
currency:15,currency,preanswer,-0.08969701019358423,0.019526453725263182,21,all,all_families
currency:15,currency,subject,-0.022480969921780124,0.03091592924194586,1,all,all_families
currency:16,currency,preanswer,-0.08457276866653533,0.020437154991953976,21,all,all_families
currency:16,currency,subject,-0.016254362654780922,0.03311171216488473,1,all,all_families
currency:17,currency,preanswer,-0.0897909475995519,0.018297309822895902,21,all,all_families
currency:17,currency,subject,-0.020560772779277446,0.033440818224905744,1,all,all_families
currency:2,currency,preanswer,-0.08660261922988056,0.021771361576575776,21,all,all_families
currency:2,currency,subject,-0.019162364991239477,0.03156420955544004,1,all,all_families
currency:3,currency,preanswer,-0.091950612832406,0.03598993994733868,21,all,all_families
currency:3,currency,subject,0.5289759763689207,0.9426221451539474,0,all,all_families
currency:4,currency,preanswer,-0.08548491456324471,0.0198736444261729,21,all,all_families
currency:4,currency,subject,-0.017632574582582026,0.03823417246195615,0,all,all_families
currency:5,currency,preanswer,-0.08702663077547544,0.025337379060539456,21,all,all_families
currency:5,currency,subject,0.49332358229759277,0.8951582394668138,0,all,all_families
currency:6,currency,preanswer,-0.0880369591119186,0.01583019205752545,21,all,all_families
currency:6,currency,subject,-0.015418080996312622,0.037525613481799724,0,all,all_families
currency:7,currency,preanswer,-0.0891029682953481,0.016249100002003636,21,all,all_families
currency:7,currency,subject,-0.01861631164340198,0.03423289142037722,1,all,all_families
currency:8,currency,preanswer,-0.08481415114205493,0.024463805059591892,21,all,all_families
currency:8,currency,subject,-0.017100306971187345,0.03143055623798974,1,all,all_families
currency:9,currency,preanswer,-0.08590047309662859,0.021931071783982015,21,all,all_families
currency:9,currency,subject,-0.01938141096502032,0.03191950805850474,1,all,all_families
headquarters:0,headquarters,preanswer,-0.10366799027629965,0.004810567141747879,21,all,all_families
headquarters:0,headquarters,subject,-0.04240178964984476,-0.0010502414923965198,-1,all,all_families
headquarters:1,headquarters,preanswer,-0.10562989725976461,0.003954506826166937,-1,all,all_families
headquarters:1,headquarters,subject,-0.04261758203874616,0.0006005296885382982,-1,all,all_families
headquarters:10,headquarters,preanswer,-0.10514810215729346,-0.010187497983376148,-1,all,all_families
headquarters:10,headquarters,subject,0.5260110943886532,0.9319077295493152,0,all,all_families
headquarters:11,headquarters,preanswer,-0.10809143903948483,-0.0052704712485566185,-1,all,all_families
headquarters:11,headquarters,subject,-0.043086308904658775,0.004574439543135078,-1,all,all_families
headquarters:12,headquarters,preanswer,-0.10577447985929657,-0.007141459368023129,-1,all,all_families
headquarters:12,headquarters,subject,-0.03657288866076602,-0.00015494174451802234,-1,all,all_families
headquarters:13,headquarters,preanswer,-0.10281577689935158,0.011598395512384507,21,all,all_families
headquarters:13,headquarters,subject,-0.04514099625395616,0.0016243772982966753,-1,all,all_families
headquarters:14,headquarters,preanswer,-0.10580685025659588,0.00709773643928413,21,all,all_families
headquarters:14,headquarters,subject,-0.04458277017873905,0.0024911260195806806,-1,all,all_families
headquarters:15,headquarters,preanswer,-0.10654665859212305,-0.013890639824025719,-1,all,all_families
headquarters:15,headquarters,subject,0.5450099620921551,0.986370772800498,0,all,all_families
headquarters:16,headquarters,preanswer,-0.10648159953737917,0.00035163022431672353,-1,all,all_families
headquarters:16,headquarters,subject,-0.0420825128398647,0.0024479399709140814,-1,all,all_families
headquarters:17,headquarters,preanswer,-0.10183237428962195,0.015012487623037085,21,all,all_families
headquarters:17,headquarters,subject,-0.04165768380120473,0.0034869778901338577,-1,all,all_families
headquarters:2,headquarters,preanswer,-0.10560335439246056,-0.0020462303769354095,-1,all,all_families
headquarters:2,headquarters,subject,-0.044009235545209045,0.0006836260869806932,-1,all,all_families
headquarters:3,headquarters,preanswer,-0.1077070236982038,-0.009485838240852473,-1,all,all_families
headquarters:3,headquarters,subject,-0.03766046763823301,0.0026546490068236617,-1,all,all_families
headquarters:4,headquarters,preanswer,-0.1087628695266925,-0.01048023034544554,-1,all,all_families
headquarters:4,headquarters,subject,-0.044641503343680396,-0.0032863415887250946,-1,all,all_families
headquarters:5,headquarters,preanswer,-0.108592168619899,-0.012210217468878848,-1,all,all_families
headquarters:5,headquarters,subject,-0.04095600042441505,-0.0007657588769992563,-1,all,all_families
headquarters:6,headquarters,preanswer,-0.10956409958963181,-0.018167396605599184,-1,all,all_families
headquarters:6,headquarters,subject,-0.045003395628911834,-0.0021587412110438686,-1,all,all_families
headquarters:7,headquarters,preanswer,-0.10037350883583095,0.0130608308256841,21,all,all_families
headquarters:7,headquarters,subject,-0.03933739342664921,-0.0007429782520321782,-1,all,all_families
headquarters:8,headquarters,preanswer,-0.10706781729898474,0.0012868190659027778,21,all,all_families
headquarters:8,headquarters,subject,-0.046947060061112565,-0.004052939368229369,-1,all,all_families
headquarters:9,headquarters,preanswer,-0.10753683880553057,-0.009417564918597576,-1,all,all_families
headquarters:9,headquarters,subject,-0.04106439878272367,0.0016220510736399962,-1,all,all_families
official_language:0,official_language,preanswer,-0.08942991104524534,0.005507771948389029,21,all,all_families
official_language:0,official_language,subject,-0.014052419199216805,0.04015594720840454,0,all,all_families
official_language:1,official_language,preanswer,-0.08890407605710067,0.012500106923135967,21,all,all_families
official_language:1,official_language,subject,-0.01838544318037796,0.03559588896585453,1,all,all_families
official_language:10,official_language,preanswer,-0.09156027700438092,0.006608431537946102,21,all,all_families
official_language:10,official_language,subject,-0.01678500760322302,0.03668300252334744,1,all,all_families
official_language:11,official_language,preanswer,-0.08829949180165451,0.015019213013789279,21,all,all_families
official_language:11,official_language,subject,-0.014847640527828491,0.03755781160411875,1,all,all_families
official_language:12,official_language,preanswer,-0.08985033806613969,0.012819940260812346,21,all,all_families
official_language:12,official_language,subject,-0.01676895676401949,0.03568922003329389,0,all,all_families
official_language:13,official_language,preanswer,-0.09137660783232167,0.008206926432310357,21,all,all_families
official_language:13,official_language,subject,-0.013564373235377255,0.035231052569168475,1,all,all_families
official_language:14,official_language,preanswer,-0.08602487912841505,0.02046899607076369,21,all,all_families
official_language:14,official_language,subject,0.5197021019796452,0.8549232694101245,0,all,all_families
official_language:15,official_language,preanswer,-0.09034317790278068,0.0172386736262079,21,all,all_families
official_language:15,official_language,subject,-0.018503140571446922,0.03505132986488302,1,all,all_families
official_language:16,official_language,preanswer,-0.08775696640881346,0.012506287764100454,21,all,all_families
official_language:16,official_language,subject,-0.013059538850487357,0.035842316773007865,1,all,all_families
official_language:17,official_language,preanswer,-0.09041892421333358,0.012822486094984265,21,all,all_families
official_language:17,official_language,subject,-0.01618976734317626,0.036713817430769735,1,all,all_families
official_language:2,official_language,preanswer,-0.09030157221829298,0.010449750385448042,21,all,all_families
official_language:2,official_language,subject,-0.01709826135496401,0.0343381303965169,1,all,all_families
official_language:3,official_language,preanswer,-0.0910011243570278,0.019215130703706285,21,all,all_families
official_language:3,official_language,subject,0.5507328869836093,0.9468888301372655,0,all,all_families
official_language:4,official_language,preanswer,-0.09119164815106488,0.012021322460735506,21,all,all_families
official_language:4,official_language,subject,-0.01630332169997631,0.0404427254791645,0,all,all_families
official_language:5,official_language,preanswer,-0.08846629682563494,0.014255203817989281,21,all,all_families
official_language:5,official_language,subject,0.5177693113763026,0.8944148960085038,0,all,all_families
official_language:6,official_language,preanswer,-0.08856276685967007,0.01905279329010079,21,all,all_families
official_language:6,official_language,subject,-0.012485765196532148,0.03991571110764558,0,all,all_families
official_language:7,official_language,preanswer,-0.08930469866406825,0.009786588450272915,21,all,all_families
official_language:7,official_language,subject,-0.013569089152250644,0.0365550370302562,1,all,all_families
official_language:8,official_language,preanswer,-0.08846744736753381,0.014914203727362185,21,all,all_families
official_language:8,official_language,subject,-0.0126874109390009,0.03512337862276571,1,all,all_families
official_language:9,official_language,preanswer,-0.08823407547178923,0.0150126718422946,21,all,all_families
official_language:9,official_language,subject,-0.013619746433344996,0.03541147529932798,1,all,all_families
birth_place:0,birth_place,preanswer,-0.14670875450202583,0.03642963895610729,21,all,no_chat
birth_place:0,birth_place,subject,0.3030192565524558,0.8277061095926721,0,all,no_chat
birth_place:1,birth_place,preanswer,-0.13529626174357137,0.031287076426487315,21,all,no_chat
birth_place:1,birth_place,subject,0.32966237328439335,0.8003343688263224,0,all,no_chat
birth_place:10,birth_place,preanswer,-0.12772209841295395,0.05119728029163828,21,all,no_chat
birth_place:10,birth_place,subject,0.3723292072168663,0.8684881774501667,0,all,no_chat
birth_place:11,birth_place,preanswer,-0.13686089358680062,0.035618982283897704,21,all,no_chat
birth_place:11,birth_place,subject,0.2924120316980914,0.8497701268156175,0,all,no_chat
birth_place:12,birth_place,preanswer,-0.13394813722482432,0.04147504864175344,21,all,no_chat
birth_place:12,birth_place,subject,0.30575868173290355,0.886814665566716,0,all,no_chat
birth_place:13,birth_place,preanswer,-0.1294221287483678,0.06705175457047485,21,all,no_chat
birth_place:13,birth_place,subject,0.28950833292142336,0.8523117524200405,0,all,no_chat
birth_place:14,birth_place,preanswer,-0.1343946002590143,0.03764386338735726,21,all,no_chat
birth_place:14,birth_place,subject,0.2857569028676157,0.8181462951637561,0,all,no_chat
birth_place:15,birth_place,preanswer,-0.1355883865728812,0.06347446932512169,21,all,no_chat
birth_place:15,birth_place,subject,0.284163154023527,0.8297259307716018,0,all,no_chat
birth_place:16,birth_place,preanswer,-0.1454610650555468,0.006373664717269079,-1,all,no_chat
birth_place:16,birth_place,subject,0.3216554202416712,0.8717455514831266,0,all,no_chat
birth_place:17,birth_place,preanswer,-0.13408709605364433,0.026837101169660982,21,all,no_chat
birth_place:17,birth_place,subject,0.2869915868586065,0.8656886375229198,0,all,no_chat
birth_place:2,birth_place,preanswer,-0.13382887466118748,0.02196784697326959,21,all,no_chat
birth_place:2,birth_place,subject,0.3080489042649768,0.8131893764682162,0,all,no_chat
birth_place:3,birth_place,preanswer,-0.1612851807851677,-0.05155514638408332,-1,all,no_chat
birth_place:3,birth_place,subject,0.29064435913625186,0.9087006465891023,0,all,no_chat
birth_place:4,birth_place,preanswer,-0.1374111337006936,0.0041747206176807605,-1,all,no_chat
birth_place:4,birth_place,subject,0.31241035175739035,0.8514126463507126,0,all,no_chat
birth_place:5,birth_place,preanswer,-0.12654612892690828,0.07156175004890541,20,all,no_chat
birth_place:5,birth_place,subject,0.2967379394683313,0.7866743079149257,0,all,no_chat
birth_place:6,birth_place,preanswer,-0.13681803060561615,0.0349545915142383,21,all,no_chat
birth_place:6,birth_place,subject,0.31715476858375835,0.8554929819481533,0,all,no_chat
birth_place:7,birth_place,preanswer,-0.12997558225587433,0.06445953610286215,21,all,no_chat
birth_place:7,birth_place,subject,0.28359425678054856,0.8331613648329782,0,all,no_chat
birth_place:8,birth_place,preanswer,-0.1300176630985633,0.03875492844316697,21,all,no_chat
birth_place:8,birth_place,subject,0.288957444429986,0.8642700811592386,0,all,no_chat
birth_place:9,birth_place,preanswer,-0.12796905354550006,0.06516672115699917,21,all,no_chat
birth_place:9,birth_place,subject,0.3068116294891697,0.7911248080237628,0,all,no_chat
capital:0,capital,preanswer,-0.10184144881231334,0.08532174272474902,21,all,no_chat
capital:0,capital,subject,-0.05848271516151726,-2.1064106155765927e-05,-1,all,no_chat
capital:1,capital,preanswer,-0.1036078985415253,0.06974750952003828,21,all,no_chat
capital:1,capital,subject,-0.061699266356775195,-0.004503778772416478,-1,all,no_chat
capital:10,capital,preanswer,-0.1055520763519283,0.09304834308187937,21,all,no_chat
capital:10,capital,subject,-0.06425146920776932,-0.0026306251879610887,-1,all,no_chat
capital:11,capital,preanswer,-0.09090207216039721,0.12664434372210032,21,all,no_chat
capital:11,capital,subject,-0.05571834856141076,-0.0028143803668178036,-1,all,no_chat
capital:12,capital,preanswer,-0.1041210197431719,0.09295297039100547,21,all,no_chat
capital:12,capital,subject,-0.06135327098759252,-0.004728092574605713,-1,all,no_chat
capital:13,capital,preanswer,-0.1016308012741064,0.08176856668166865,21,all,no_chat
capital:13,capital,subject,-0.055135855810363704,-0.004484925394743877,-1,all,no_chat
capital:14,capital,preanswer,-0.0991494300935523,0.10262858555986998,21,all,no_chat
capital:14,capital,subject,0.4921215264215935,0.8400214942159996,0,all,no_chat
capital:15,capital,preanswer,-0.10118417238130807,0.1210488990630979,21,all,no_chat
capital:15,capital,subject,-0.06970516856899787,-0.0057692172285778165,-1,all,no_chat
capital:16,capital,preanswer,-0.09468077223804781,0.12011742416550131,21,all,no_chat
capital:16,capital,subject,-0.057382478507556234,-0.003982038377157271,-1,all,no_chat
capital:17,capital,preanswer,-0.10120633374372079,0.09258246713993601,21,all,no_chat
capital:17,capital,subject,-0.061420296821520066,-0.00333453490843183,-1,all,no_chat
capital:2,capital,preanswer,-0.09877973962128812,0.10275102538221015,21,all,no_chat
capital:2,capital,subject,-0.06286331304158276,-0.005579618067523162,-1,all,no_chat
capital:3,capital,preanswer,-0.0958427782687876,0.13056481897441397,20,all,no_chat
capital:3,capital,subject,0.5516054287673561,0.9421682674681244,0,all,no_chat
capital:4,capital,preanswer,-0.0949688266500149,0.09861924017176904,21,all,no_chat
capital:4,capital,subject,-0.05819916154495347,0.002194288022377977,-1,all,no_chat
capital:5,capital,preanswer,-0.09418797053899901,0.13371295282264162,21,all,no_chat
capital:5,capital,subject,0.4972012655683722,0.8904416745686843,0,all,no_chat
capital:6,capital,preanswer,-0.0952268135297662,0.11815201028499733,21,all,no_chat
capital:6,capital,subject,-0.05368270397628608,0.002079852363642498,-1,all,no_chat
capital:7,capital,preanswer,-0.09865527501033544,0.11290626023329942,21,all,no_chat
capital:7,capital,subject,-0.06442143000948419,-0.0017031041625278354,-1,all,no_chat
capital:8,capital,preanswer,-0.09378418115359245,0.11647703542428867,21,all,no_chat
capital:8,capital,subject,-0.0516106406305886,-0.004420656102155585,-1,all,no_chat
capital:9,capital,preanswer,-0.09423730532945111,0.13448895387400206,21,all,no_chat
capital:9,capital,subject,-0.05749884622287177,-0.004063017909822886,-1,all,no_chat
currency:0,currency,preanswer,-0.10577298794144639,0.028994474925246982,21,all,no_chat
currency:0,currency,subject,-0.061923950131422566,3.497127224416641e-05,-1,all,no_chat
currency:1,currency,preanswer,-0.1038930510984397,0.032612718008702024,21,all,no_chat
currency:1,currency,subject,-0.06578876632762858,-0.005147459655026165,-1,all,no_chat
currency:10,currency,preanswer,-0.10766700708788206,0.03680595073824622,21,all,no_chat
currency:10,currency,subject,-0.06719875958401199,-0.0031195463113534716,-1,all,no_chat
currency:11,currency,preanswer,-0.0959356613538364,0.05105242775935748,21,all,no_chat
currency:11,currency,subject,-0.055720191412404474,-0.003622574354308905,-1,all,no_chat
currency:12,currency,preanswer,-0.10749703505297632,0.03238353542253081,21,all,no_chat
currency:12,currency,subject,-0.06384517703091723,-0.004566601581043717,-1,all,no_chat
currency:13,currency,preanswer,-0.10183314655243962,0.03652237482320253,21,all,no_chat
currency:13,currency,subject,-0.056963468699925,-0.005991927159377908,-1,all,no_chat
currency:14,currency,preanswer,-0.1008131720028282,0.04887461116890501,21,all,no_chat
currency:14,currency,subject,0.4905285582388699,0.8415184426638815,0,all,no_chat
currency:15,currency,preanswer,-0.10887679744162848,0.03307399562760893,21,all,no_chat
currency:15,currency,subject,-0.06707830173886646,-0.006820633325701375,-1,all,no_chat
currency:16,currency,preanswer,-0.09707930469012988,0.04505170248692325,21,all,no_chat
currency:16,currency,subject,-0.05854515145656556,-0.003906441280265294,-1,all,no_chat
currency:17,currency,preanswer,-0.10527670859056877,0.032071333695081305,21,all,no_chat
currency:17,currency,subject,-0.0645679845129726,-0.0042456863752378116,-1,all,no_chat
currency:2,currency,preanswer,-0.10363357850149564,0.034556337041792506,21,all,no_chat
currency:2,currency,subject,-0.06347280691635505,-0.005983634906656654,-1,all,no_chat
currency:3,currency,preanswer,-0.11061300477723152,0.05627367309495512,21,all,no_chat
currency:3,currency,subject,0.5308260655980191,0.9387605542353555,0,all,no_chat
currency:4,currency,preanswer,-0.09937984687895036,0.03672320040222865,21,all,no_chat
currency:4,currency,subject,-0.059147491803583495,0.0019050208376902855,-1,all,no_chat
currency:5,currency,preanswer,-0.09849740064871337,0.058068490885441526,21,all,no_chat
currency:5,currency,subject,0.4900782774486589,0.8914931150628072,0,all,no_chat
currency:6,currency,preanswer,-0.10174848131981551,0.03670876828673619,21,all,no_chat
currency:6,currency,subject,-0.05676857882923971,0.0020418635575599753,-1,all,no_chat
currency:7,currency,preanswer,-0.10615809617284074,0.032701858508041526,21,all,no_chat
currency:7,currency,subject,-0.062408500399708355,-0.002582451292112764,-1,all,no_chat
currency:8,currency,preanswer,-0.09718974570141119,0.05378910451153529,21,all,no_chat
currency:8,currency,subject,-0.05652976454456778,-0.006193753453641149,-1,all,no_chat
currency:9,currency,preanswer,-0.10076080024047614,0.047591380823671425,21,all,no_chat
currency:9,currency,subject,-0.062011697945389944,-0.004927642107789065,-1,all,no_chat
headquarters:0,headquarters,preanswer,-0.13532383491798491,0.013005104329850914,21,all,no_chat
headquarters:0,headquarters,subject,-0.08826379723309093,-0.0356071266083936,-1,all,no_chat
headquarters:1,headquarters,preanswer,-0.13723982491151052,0.0137883666294073,21,all,no_chat
headquarters:1,headquarters,subject,-0.0882110531139622,-0.03476948529676671,-1,all,no_chat
headquarters:10,headquarters,preanswer,-0.1405695064666971,-0.005485874765059462,-1,all,no_chat
headquarters:10,headquarters,subject,0.5243508616474525,0.9195944899632261,0,all,no_chat
headquarters:11,headquarters,preanswer,-0.1417122573301618,-0.0026721490754021415,-1,all,no_chat
headquarters:11,headquarters,subject,-0.0902954764817745,-0.028247831206695717,-1,all,no_chat
headquarters:12,headquarters,preanswer,-0.13315054101865406,0.020084629261415743,21,all,no_chat
headquarters:12,headquarters,subject,-0.0846355894687895,-0.03573915566883834,-1,all,no_chat
headquarters:13,headquarters,preanswer,-0.13457039673863413,0.02732698512233167,21,all,no_chat
headquarters:13,headquarters,subject,-0.0930701653780096,-0.032284003165033104,-1,all,no_chat
headquarters:14,headquarters,preanswer,-0.13762708940220617,0.02000424324297445,21,all,no_chat
headquarters:14,headquarters,subject,-0.09115558284143051,-0.030492379677061865,-1,all,no_chat
headquarters:15,headquarters,preanswer,-0.1353928262473354,0.00753357714297731,21,all,no_chat
headquarters:15,headquarters,subject,0.5398725589930372,0.9802707627666772,0,all,no_chat
headquarters:16,headquarters,preanswer,-0.13761533509680196,0.011600225969077727,21,all,no_chat
headquarters:16,headquarters,subject,-0.08759799852768417,-0.032691788050084325,-1,all,no_chat
headquarters:17,headquarters,preanswer,-0.13326810719546797,0.03471469100004698,21,all,no_chat
headquarters:17,headquarters,subject,-0.08906820715265677,-0.030425695422428123,-1,all,no_chat
headquarters:2,headquarters,preanswer,-0.136716366859157,0.006601115067799812,21,all,no_chat
headquarters:2,headquarters,subject,-0.09085943265706463,-0.03511383623079545,-1,all,no_chat
headquarters:3,headquarters,preanswer,-0.13833257424683676,0.007683085460288841,21,all,no_chat
headquarters:3,headquarters,subject,-0.08612462987471219,-0.031197012639513133,-1,all,no_chat
headquarters:4,headquarters,preanswer,-0.14146257084561006,0.0023289509848052337,21,all,no_chat
headquarters:4,headquarters,subject,-0.09158460058030686,-0.041350605830647646,-1,all,no_chat
headquarters:5,headquarters,preanswer,-0.1372483480307791,0.008814167742635659,21,all,no_chat
headquarters:5,headquarters,subject,-0.08809178128870494,-0.036644448154891984,-1,all,no_chat
headquarters:6,headquarters,preanswer,-0.14055311073770255,0.0023204505053999736,-1,all,no_chat
headquarters:6,headquarters,subject,-0.09179863215590627,-0.035643649841445746,-1,all,no_chat
headquarters:7,headquarters,preanswer,-0.1316307855847095,0.024044930545333187,21,all,no_chat
headquarters:7,headquarters,subject,-0.08358273368785592,-0.037950804907512015,-1,all,no_chat
headquarters:8,headquarters,preanswer,-0.1398590578695593,0.012634438626906497,21,all,no_chat
headquarters:8,headquarters,subject,-0.09538685286170695,-0.04184037115838801,-1,all,no_chat
headquarters:9,headquarters,preanswer,-0.1393279002427503,0.007223135895199295,21,all,no_chat
headquarters:9,headquarters,subject,-0.08724226287237297,-0.033492408741533364,-1,all,no_chat
official_language:0,official_language,preanswer,-0.10923169804067394,0.02175884036456832,21,all,no_chat
official_language:0,official_language,subject,-0.06032433258856531,0.0038750529094460084,-1,all,no_chat
official_language:1,official_language,preanswer,-0.1060307409800995,0.03253167361215825,21,all,no_chat
official_language:1,official_language,subject,-0.06574780801676361,-0.0018863268927031829,-1,all,no_chat
official_language:10,official_language,preanswer,-0.11144867404678549,0.025289332165437606,21,all,no_chat
official_language:10,official_language,subject,-0.06481752672875889,0.0004136799986845796,-1,all,no_chat
official_language:11,official_language,preanswer,-0.1063938902646368,0.03011313256095438,21,all,no_chat
official_language:11,official_language,subject,-0.06062165937489933,-0.00030251100561984323,-1,all,no_chat
official_language:12,official_language,preanswer,-0.10898251885097789,0.03264949641196557,21,all,no_chat
official_language:12,official_language,subject,-0.06532327546220687,-0.001404618223508236,-1,all,no_chat
official_language:13,official_language,preanswer,-0.11021914813578255,0.023153174546808986,21,all,no_chat
official_language:13,official_language,subject,-0.060115903910667456,-0.002408913634960874,-1,all,no_chat
official_language:14,official_language,preanswer,-0.10261865074630656,0.04160220326941,21,all,no_chat
official_language:14,official_language,subject,0.5153445468704198,0.8361861854304675,0,all,no_chat
official_language:15,official_language,preanswer,-0.1096803851279558,0.03804857162089126,21,all,no_chat
official_language:15,official_language,subject,-0.06589193758351856,-0.0021751970052719116,-1,all,no_chat
official_language:16,official_language,preanswer,-0.10373942823451587,0.032723689390942945,21,all,no_chat
official_language:16,official_language,subject,-0.05884229255412058,-0.0017577505189608766,-1,all,no_chat
official_language:17,official_language,preanswer,-0.1067004553843817,0.032098830135819156,21,all,no_chat
official_language:17,official_language,subject,-0.06348415901620665,-0.00031232152109827993,-1,all,no_chat
official_language:2,official_language,preanswer,-0.1088342136563429,0.032791526878581334,21,all,no_chat
official_language:2,official_language,subject,-0.06525480933741043,-0.0030530868402492972,-1,all,no_chat
official_language:3,official_language,preanswer,-0.10732389226036394,0.0450900126906002,21,all,no_chat
official_language:3,official_language,subject,0.5510483435552956,0.9432849190715286,0,all,no_chat
official_language:4,official_language,preanswer,-0.10799284694079221,0.029459022618586794,21,all,no_chat
official_language:4,official_language,subject,-0.0624597551481705,0.00436556339263916,-1,all,no_chat
official_language:5,official_language,preanswer,-0.103215604533557,0.039270755901835375,21,all,no_chat
official_language:5,official_language,subject,0.5157755878967007,0.8907096907983418,0,all,no_chat
official_language:6,official_language,preanswer,-0.10510675605865345,0.0360584500568365,21,all,no_chat
official_language:6,official_language,subject,-0.058065609832969954,0.005039058966574417,-1,all,no_chat
official_language:7,official_language,preanswer,-0.10760066999946283,0.027529492487315288,21,all,no_chat
official_language:7,official_language,subject,-0.06106082178360106,-0.0003092807102826889,-1,all,no_chat
official_language:8,official_language,preanswer,-0.10455524001863008,0.03166077495400421,21,all,no_chat
official_language:8,official_language,subject,-0.05751622665606537,-0.0020255957748375186,-1,all,no_chat
official_language:9,official_language,preanswer,-0.10694839979049166,0.03261892078748707,21,all,no_chat
official_language:9,official_language,subject,-0.059799849981957476,-0.0012581005595089234,-1,all,no_chat
birth_place:0,birth_place,preanswer,-0.19575978774561456,0.011922627687454224,21,all,length_matched_delta4
birth_place:0,birth_place,subject,0.29846067788741854,0.8309497686011758,0,all,length_matched_delta4
birth_place:1,birth_place,preanswer,-0.1875164100244917,-0.0668424208545022,-1,all,length_matched_delta4
birth_place:1,birth_place,subject,0.33699430534573,0.8031080406573083,0,all,length_matched_delta4
birth_place:10,birth_place,preanswer,-0.18705724944177815,0.02156030962653188,21,all,length_matched_delta4
birth_place:10,birth_place,subject,0.3652167232744572,0.8699502283905415,0,all,length_matched_delta4
birth_place:11,birth_place,preanswer,-0.17881613791299364,0.002632446587085724,-1,all,length_matched_delta4
birth_place:11,birth_place,subject,0.30090327597146693,0.8531111656080207,0,all,length_matched_delta4
birth_place:12,birth_place,preanswer,-0.18985551606035897,0.024218806008777793,21,all,length_matched_delta4
birth_place:12,birth_place,subject,0.2996616570465012,0.8854007000396544,0,all,length_matched_delta4
birth_place:13,birth_place,preanswer,-0.16499738300307876,0.02623250143868583,21,all,length_matched_delta4
birth_place:13,birth_place,subject,0.3007896867403317,0.8580524027347565,0,all,length_matched_delta4
birth_place:14,birth_place,preanswer,-0.18209568564342252,0.019694009079383012,21,all,length_matched_delta4
birth_place:14,birth_place,subject,0.2797376872328882,0.8191690052358004,0,all,length_matched_delta4
birth_place:15,birth_place,preanswer,-0.18412541609623623,0.036338627338409424,21,all,length_matched_delta4
birth_place:15,birth_place,subject,0.27706535811273336,0.8325150178220028,0,all,length_matched_delta4
birth_place:16,birth_place,preanswer,-0.18916104158334845,-0.025090667108694675,-1,all,length_matched_delta4
birth_place:16,birth_place,subject,0.3297798460817721,0.8759359222227027,0,all,length_matched_delta4
birth_place:17,birth_place,preanswer,-0.1813473278458265,-0.02340746795137727,-1,all,length_matched_delta4
birth_place:17,birth_place,subject,0.29685439168558025,0.8679672965243097,0,all,length_matched_delta4
birth_place:2,birth_place,preanswer,-0.18216821049045548,0.0002436391436136942,-1,all,length_matched_delta4
birth_place:2,birth_place,subject,0.30064047353753115,0.8124279926041476,0,all,length_matched_delta4
birth_place:3,birth_place,preanswer,-0.21168197030360755,-0.07992001450978792,-1,all,length_matched_delta4
birth_place:3,birth_place,subject,0.2816544397128149,0.9086702246672641,0,all,length_matched_delta4
birth_place:4,birth_place,preanswer,-0.17729323411670825,-0.025165767305427078,-1,all,length_matched_delta4
birth_place:4,birth_place,subject,0.3201485695770114,0.8545059046656307,0,all,length_matched_delta4
birth_place:5,birth_place,preanswer,-0.16977997476418563,0.049626720026604065,21,all,length_matched_delta4
birth_place:5,birth_place,subject,0.29211636161845594,0.7882572825084317,0,all,length_matched_delta4
birth_place:6,birth_place,preanswer,-0.1851983550760863,0.0146492371956507,21,all,length_matched_delta4
birth_place:6,birth_place,subject,0.3101180330126319,0.854306184931491,0,all,length_matched_delta4
birth_place:7,birth_place,preanswer,-0.1721549632838341,0.022379622691207413,21,all,length_matched_delta4
birth_place:7,birth_place,subject,0.29324153375071343,0.8357850662497286,0,all,length_matched_delta4
birth_place:8,birth_place,preanswer,-0.19385044259643855,0.019011640345673153,21,all,length_matched_delta4
birth_place:8,birth_place,subject,0.2814477386059948,0.8636739185156975,0,all,length_matched_delta4
birth_place:9,birth_place,preanswer,-0.17140432675632664,0.03992973671019451,21,all,length_matched_delta4
birth_place:9,birth_place,subject,0.3010291982563193,0.7914258057966173,0,all,length_matched_delta4
capital:0,capital,preanswer,-0.162968175252316,-0.00855294318127453,-1,all,length_matched_delta4
capital:0,capital,subject,-0.07562824033427153,-0.023433873303850827,-1,all,length_matched_delta4
capital:1,capital,preanswer,-0.16080287730036522,0.007006197495568078,22,all,length_matched_delta4
capital:1,capital,subject,-0.07986735582309669,-0.027609403420211676,-1,all,length_matched_delta4
capital:10,capital,preanswer,-0.16329413669225865,0.012327145589025368,21,all,length_matched_delta4
capital:10,capital,subject,-0.08349593392314208,-0.026293712787162082,-1,all,length_matched_delta4
capital:11,capital,preanswer,-0.15260192219233304,0.026900542857951737,21,all,length_matched_delta4
capital:11,capital,subject,-0.07495286800364094,-0.02494519343949797,-1,all,length_matched_delta4
capital:12,capital,preanswer,-0.16525511065950818,0.005867425884519273,21,all,length_matched_delta4
capital:12,capital,subject,-0.08000564695753737,-0.027324749114818192,-1,all,length_matched_delta4
capital:13,capital,preanswer,-0.1615854992594262,0.0032194353135904796,22,all,length_matched_delta4
capital:13,capital,subject,-0.0726450626285546,-0.027199863491201737,-1,all,length_matched_delta4
capital:14,capital,preanswer,-0.17104766015998193,0.008206428587436698,-1,all,length_matched_delta4
capital:14,capital,subject,0.49065354566814173,0.8494640452166399,0,all,length_matched_delta4
capital:15,capital,preanswer,-0.1691007757825511,-0.014189868717265353,-1,all,length_matched_delta4
capital:15,capital,subject,-0.08702289699728516,-0.028148200390930467,-1,all,length_matched_delta4
capital:16,capital,preanswer,-0.15242902287060306,0.042045818011563485,21,all,length_matched_delta4
capital:16,capital,subject,-0.07602205590279609,-0.026204918224112417,-1,all,length_matched_delta4
capital:17,capital,preanswer,-0.15111893326753661,0.047199235822921404,21,all,length_matched_delta4
capital:17,capital,subject,-0.081841212694993,-0.02576295448873278,-1,all,length_matched_delta4
capital:2,capital,preanswer,-0.16156111251478802,0.010264176399187974,-1,all,length_matched_delta4
capital:2,capital,subject,-0.07967996881763571,-0.02738643678507413,-1,all,length_matched_delta4
capital:3,capital,preanswer,-0.1690436986895899,0.04549906104803081,21,all,length_matched_delta4
capital:3,capital,subject,0.5457022881762694,0.9434164982444296,0,all,length_matched_delta4
capital:4,capital,preanswer,-0.15874762940022133,0.022607707887663864,-1,all,length_matched_delta4
capital:4,capital,subject,-0.0749540377045307,-0.020287747669937017,-1,all,length_matched_delta4
capital:5,capital,preanswer,-0.16509015718344547,0.034694485303734535,21,all,length_matched_delta4
capital:5,capital,subject,0.5104006611434247,0.8896904424333772,0,all,length_matched_delta4
capital:6,capital,preanswer,-0.15694863218020527,0.033200091885444816,21,all,length_matched_delta4
capital:6,capital,subject,-0.07209028723243541,-0.020675923703308396,-1,all,length_matched_delta4
capital:7,capital,preanswer,-0.16550966391437932,-0.010540090781405498,-1,all,length_matched_delta4
capital:7,capital,subject,-0.08243012419647368,-0.024898707082397054,-1,all,length_matched_delta4
capital:8,capital,preanswer,-0.15009871866544686,0.0544187513957346,21,all,length_matched_delta4
capital:8,capital,subject,-0.07048992608746228,-0.017186843811121233,-1,all,length_matched_delta4
capital:9,capital,preanswer,-0.15203287242386573,0.061529177248029754,21,all,length_matched_delta4
capital:9,capital,subject,-0.07514445076610211,-0.027232983730789417,-1,all,length_matched_delta4
currency:0,currency,preanswer,-0.16042003196134305,-0.022039450873109656,-1,all,length_matched_delta4
currency:0,currency,subject,-0.07817744438298382,-0.023182179470707553,-1,all,length_matched_delta4
currency:1,currency,preanswer,-0.16089551876716895,-0.02349615881317535,-1,all,length_matched_delta4
currency:1,currency,subject,-0.08241639902084637,-0.028454911888093903,-1,all,length_matched_delta4
currency:10,currency,preanswer,-0.1645404412306117,-0.032523601575005334,-1,all,length_matched_delta4
currency:10,currency,subject,-0.08382145952104232,-0.02669859996863777,-1,all,length_matched_delta4
currency:11,currency,preanswer,-0.1501158026786974,0.00797288691190845,21,all,length_matched_delta4
currency:11,currency,subject,-0.07311333319811818,-0.02587684944160007,-1,all,length_matched_delta4
currency:12,currency,preanswer,-0.1650562758060326,-0.027083235799818084,-1,all,length_matched_delta4
currency:12,currency,subject,-0.08127791961225539,-0.027077989806806202,-1,all,length_matched_delta4
currency:13,currency,preanswer,-0.16099751816320237,-0.020793225532187543,-1,all,length_matched_delta4
currency:13,currency,subject,-0.07310233602620064,-0.028775855450701937,-1,all,length_matched_delta4
currency:14,currency,preanswer,-0.16705996338278054,0.0029660368959109062,-1,all,length_matched_delta4
currency:14,currency,subject,0.49246302850854895,0.8505965999017159,0,all,length_matched_delta4
currency:15,currency,preanswer,-0.16601660434520782,-0.02569176671200224,-1,all,length_matched_delta4
currency:15,currency,subject,-0.08177582029355947,-0.02919245853011765,-1,all,length_matched_delta4
currency:16,currency,preanswer,-0.15109584459983616,-0.0010765008908465434,-1,all,length_matched_delta4
currency:16,currency,subject,-0.07485890839620024,-0.026377523864122288,-1,all,length_matched_delta4
currency:17,currency,preanswer,-0.15510238482054312,0.002690394570056709,-1,all,length_matched_delta4
currency:17,currency,subject,-0.08144003389879388,-0.02662000642683271,-1,all,length_matched_delta4
currency:2,currency,preanswer,-0.16228751422730006,-0.02917939043582829,-1,all,length_matched_delta4
currency:2,currency,subject,-0.07885908125491259,-0.027781075776967756,-1,all,length_matched_delta4
currency:3,currency,preanswer,-0.17794548403471708,0.008293515443801858,-1,all,length_matched_delta4
currency:3,currency,subject,0.5292278570265303,0.940598377926896,0,all,length_matched_delta4
currency:4,currency,preanswer,-0.15478711185001193,-0.004000355426530211,-1,all,length_matched_delta4
currency:4,currency,subject,-0.07433054650979662,-0.020888855246672944,-1,all,length_matched_delta4
currency:5,currency,preanswer,-0.1642544468922191,0.006508138750781489,-1,all,length_matched_delta4
currency:5,currency,subject,0.5109808244885934,0.8903038626959344,0,all,length_matched_delta4
currency:6,currency,preanswer,-0.16026894561012736,-0.021800913981029013,-1,all,length_matched_delta4
currency:6,currency,subject,-0.07278970975071697,-0.020889297239762517,-1,all,length_matched_delta4
currency:7,currency,preanswer,-0.16340716595861846,-0.026388977031062466,-1,all,length_matched_delta4
currency:7,currency,subject,-0.07928155605181736,-0.025676564838653215,-1,all,length_matched_delta4
currency:8,currency,preanswer,-0.14982910781986733,0.008698123738281716,21,all,length_matched_delta4
currency:8,currency,subject,-0.0731952078360364,-0.02880685121045079,-1,all,length_matched_delta4
currency:9,currency,preanswer,-0.1559265395743133,-0.008939185536893657,-1,all,length_matched_delta4
currency:9,currency,subject,-0.07794240739471968,-0.028113719776160728,-1,all,length_matched_delta4
headquarters:0,headquarters,preanswer,-0.2042012875831193,-0.0437241209780469,-1,all,length_matched_delta4
headquarters:0,headquarters,subject,-0.10575896632676007,-0.051722458837663465,-1,all,length_matched_delta4
headquarters:1,headquarters,preanswer,-0.20656932530897287,-0.042116724392947,-1,all,length_matched_delta4
headquarters:1,headquarters,subject,-0.10600689529498113,-0.050121604191029734,-1,all,length_matched_delta4
headquarters:10,headquarters,preanswer,-0.1863330763915335,-0.049619545831399825,-1,all,length_matched_delta4
headquarters:10,headquarters,subject,0.5466640113359865,0.9263542556368253,0,all,length_matched_delta4
headquarters:11,headquarters,preanswer,-0.21396971116636823,-0.06922284250750266,-1,all,length_matched_delta4
headquarters:11,headquarters,subject,-0.10773685653761027,-0.04409807263051757,-1,all,length_matched_delta4
headquarters:12,headquarters,preanswer,-0.205482934989656,-0.04605191902202721,-1,all,length_matched_delta4
headquarters:12,headquarters,subject,-0.10293282137140254,-0.05056009211522694,-1,all,length_matched_delta4
headquarters:13,headquarters,preanswer,-0.20484427425453403,-0.03376876212218227,-1,all,length_matched_delta4
headquarters:13,headquarters,subject,-0.10942417943221573,-0.04827618423630209,-1,all,length_matched_delta4
headquarters:14,headquarters,preanswer,-0.2055689640133185,-0.040069498998277275,-1,all,length_matched_delta4
headquarters:14,headquarters,subject,-0.1072205962872644,-0.04609032983289041,-1,all,length_matched_delta4
headquarters:15,headquarters,preanswer,-0.18937994097359478,-0.05791453973335381,-1,all,length_matched_delta4
headquarters:15,headquarters,subject,0.5646720504105521,0.9846325042720925,0,all,length_matched_delta4
headquarters:16,headquarters,preanswer,-0.20859299437827702,-0.05547378913444634,-1,all,length_matched_delta4
headquarters:16,headquarters,subject,-0.10353765881868016,-0.04764838122269688,-1,all,length_matched_delta4
headquarters:17,headquarters,preanswer,-0.20136562702200358,-0.021006956696510315,-1,all,length_matched_delta4
headquarters:17,headquarters,subject,-0.10524517199950889,-0.045511933153166484,-1,all,length_matched_delta4
headquarters:2,headquarters,preanswer,-0.20540659677456405,-0.05113458370461188,-1,all,length_matched_delta4
headquarters:2,headquarters,subject,-0.10667134818276298,-0.04971841284457379,-1,all,length_matched_delta4
headquarters:3,headquarters,preanswer,-0.207246229214612,-0.05521054171464024,-1,all,length_matched_delta4
headquarters:3,headquarters,subject,-0.10320939866070665,-0.047587371047805305,-1,all,length_matched_delta4
headquarters:4,headquarters,preanswer,-0.21153891905137867,-0.06008264773032246,-1,all,length_matched_delta4
headquarters:4,headquarters,subject,-0.1085468151084605,-0.05648187668446236,-1,all,length_matched_delta4
headquarters:5,headquarters,preanswer,-0.20736984905841593,-0.05159438182325926,-1,all,length_matched_delta4
headquarters:5,headquarters,subject,-0.10406501863711609,-0.05137901676490031,-1,all,length_matched_delta4
headquarters:6,headquarters,preanswer,-0.2118432000210947,-0.06663603028830356,-1,all,length_matched_delta4
headquarters:6,headquarters,subject,-0.10942432254056506,-0.051433959428001885,-1,all,length_matched_delta4
headquarters:7,headquarters,preanswer,-0.19865633180940198,-0.025028513634906102,-1,all,length_matched_delta4
headquarters:7,headquarters,subject,-0.10105831542558223,-0.05323397149057951,-1,all,length_matched_delta4
headquarters:8,headquarters,preanswer,-0.2079810363596634,-0.04715288474279289,-1,all,length_matched_delta4
headquarters:8,headquarters,subject,-0.11204483742614114,-0.057748387732050044,-1,all,length_matched_delta4
headquarters:9,headquarters,preanswer,-0.21287489535889645,-0.06235602322746725,-1,all,length_matched_delta4
headquarters:9,headquarters,subject,-0.10358840421091979,-0.049713194151135065,-1,all,length_matched_delta4
official_language:0,official_language,preanswer,-0.16149021515197923,-0.01667294981784395,-1,all,length_matched_delta4
official_language:0,official_language,subject,-0.07623786618874728,-0.017857841867253255,-1,all,length_matched_delta4
official_language:1,official_language,preanswer,-0.15730296322763115,0.0007798391625397638,21,all,length_matched_delta4
official_language:1,official_language,subject,-0.08322026754524045,-0.023544870148924035,-1,all,length_matched_delta4
official_language:10,official_language,preanswer,-0.15883258187251728,0.0023195922822880632,21,all,length_matched_delta4
official_language:10,official_language,subject,-0.08345873466748883,-0.0211606517546159,-1,all,length_matched_delta4
official_language:11,official_language,preanswer,-0.1559373496338389,0.010082762044175242,21,all,length_matched_delta4
official_language:11,official_language,subject,-0.07967130705494817,-0.020943513042048445,-1,all,length_matched_delta4
official_language:12,official_language,preanswer,-0.15871165449588667,0.004601423453567621,21,all,length_matched_delta4
official_language:12,official_language,subject,-0.0834762232811692,-0.022241353204375813,-1,all,length_matched_delta4
official_language:13,official_language,preanswer,-0.16098392174992346,-0.007906303818064564,-1,all,length_matched_delta4
official_language:13,official_language,subject,-0.07704611522038199,-0.02347283098930708,-1,all,length_matched_delta4
official_language:14,official_language,preanswer,-0.16403348995372652,0.00933820754289627,21,all,length_matched_delta4
official_language:14,official_language,subject,0.5161761794135802,0.8463899809867144,0,all,length_matched_delta4
official_language:15,official_language,preanswer,-0.1581999387704116,0.007485862065078619,21,all,length_matched_delta4
official_language:15,official_language,subject,-0.08210330301012264,-0.022978901302904142,-1,all,length_matched_delta4
official_language:16,official_language,preanswer,-0.15078557325634442,0.012493203008981602,21,all,length_matched_delta4
official_language:16,official_language,subject,-0.07700278562812234,-0.022831728695926756,-1,all,length_matched_delta4
official_language:17,official_language,preanswer,-0.15471039076608822,0.006471516046308912,21,all,length_matched_delta4
official_language:17,official_language,subject,-0.08209547027595397,-0.020867185148977674,-1,all,length_matched_delta4
official_language:2,official_language,preanswer,-0.15899597299763732,0.0019984599342919296,21,all,length_matched_delta4
official_language:2,official_language,subject,-0.08220892358030939,-0.023164905103525757,-1,all,length_matched_delta4
official_language:3,official_language,preanswer,-0.16972274508120289,0.013619220753510741,22,all,length_matched_delta4
official_language:3,official_language,subject,0.5489947411270502,0.944710829326262,0,all,length_matched_delta4
official_language:4,official_language,preanswer,-0.15975654233517803,-0.002744285459805207,-1,all,length_matched_delta4
official_language:4,official_language,subject,-0.07920986425451337,-0.016203397310766032,-1,all,length_matched_delta4
official_language:5,official_language,preanswer,-0.16319986685317436,0.005266286996232328,21,all,length_matched_delta4
official_language:5,official_language,subject,0.5343668005789216,0.8906220709200667,0,all,length_matched_delta4
official_language:6,official_language,preanswer,-0.15424331872815028,0.015622028730865711,21,all,length_matched_delta4
official_language:6,official_language,subject,-0.07670469972874532,-0.016033581773141292,-1,all,length_matched_delta4
official_language:7,official_language,preanswer,-0.1579054421126693,-0.005818426384961661,-1,all,length_matched_delta4
official_language:7,official_language,subject,-0.07797784170539664,-0.02158869500447036,-1,all,length_matched_delta4
official_language:8,official_language,preanswer,-0.15368627515950598,0.005205008320342319,21,all,length_matched_delta4
official_language:8,official_language,subject,-0.07604970574964838,-0.02304234260455107,-1,all,length_matched_delta4
official_language:9,official_language,preanswer,-0.1551900667542204,0.009596916517817022,21,all,length_matched_delta4
official_language:9,official_language,subject,-0.07814559444054532,-0.02293585554549571,-1,all,length_matched_delta4
birth_place:14,birth_place,preanswer,-0.10610786986459668,0.006562252218524578,21,holdout,all_families
birth_place:14,birth_place,subject,0.28123865262346553,0.8083964195102453,0,holdout,all_families
birth_place:15,birth_place,preanswer,-0.10997955358147415,0.02174924748639273,21,holdout,all_families
birth_place:15,birth_place,subject,0.2887695613705243,0.87224140483886,0,holdout,all_families
birth_place:16,birth_place,preanswer,-0.11408673617471425,-0.021632656455039978,-1,holdout,all_families
birth_place:16,birth_place,subject,0.33776407071208164,0.8988826698623598,0,holdout,all_families
birth_place:17,birth_place,preanswer,-0.10682923685655825,-0.01091691354910529,-1,holdout,all_families
birth_place:17,birth_place,subject,0.26295934785028097,0.8455815825921794,0,holdout,all_families
capital:14,capital,preanswer,-0.08549675407003732,0.04315102721254038,21,holdout,all_families
capital:14,capital,subject,0.5271305052188432,0.8729730240690211,0,holdout,all_families
capital:15,capital,preanswer,-0.08948111091922328,0.0498137716203928,21,holdout,all_families
capital:15,capital,subject,0.020851598949068146,0.11026040278375149,0,holdout,all_families
capital:16,capital,preanswer,-0.08333567475407715,0.06597692581514525,21,holdout,all_families
capital:16,capital,subject,0.03186346748973138,0.11233585234731436,0,holdout,all_families
capital:17,capital,preanswer,-0.09169863877145366,0.027555961161851883,21,holdout,all_families
capital:17,capital,subject,0.028301706938590455,0.11146949076404178,0,holdout,all_families
currency:14,currency,preanswer,-0.08696395863963365,0.015125023821989658,21,holdout,all_families
currency:14,currency,subject,0.5321642176002368,0.874212543014437,0,holdout,all_families
currency:15,currency,preanswer,-0.08994436809815752,0.012272082269191742,21,holdout,all_families
currency:15,currency,subject,0.024204659178697806,0.11147157320131862,0,holdout,all_families
currency:16,currency,preanswer,-0.08545656628120923,0.009752664715051651,21,holdout,all_families
currency:16,currency,subject,0.03055576456891786,0.11383368230114388,0,holdout,all_families
currency:17,currency,preanswer,-0.09176813733689766,0.00535477076967561,21,holdout,all_families
currency:17,currency,subject,0.025195271973239456,0.11318589715907967,0,holdout,all_families
headquarters:14,headquarters,preanswer,-0.10742333387477428,-0.000384225199619892,-1,holdout,all_families
headquarters:14,headquarters,subject,0.024566094838375647,0.14068648521788418,0,holdout,all_families
headquarters:15,headquarters,preanswer,-0.10772553406422959,-0.018042729546626446,-1,holdout,all_families
headquarters:15,headquarters,subject,0.5546178082228105,0.9916529919272534,0,holdout,all_families
headquarters:16,headquarters,preanswer,-0.10696466285541344,-0.0035475467642148706,-1,holdout,all_families
headquarters:16,headquarters,subject,0.028116767335126896,0.14028093498200178,0,holdout,all_families
headquarters:17,headquarters,preanswer,-0.10444230088614859,0.002832839886347416,-1,holdout,all_families
headquarters:17,headquarters,subject,0.027888601697870618,0.14389156767477596,0,holdout,all_families
official_language:14,official_language,preanswer,-0.08628576116567878,0.01800847674409556,21,holdout,all_families
official_language:14,official_language,subject,0.5578341852330292,0.8704889332875609,0,holdout,all_families
official_language:15,official_language,preanswer,-0.08995602010367694,0.021581242481867546,21,holdout,all_families
official_language:15,official_language,subject,0.03191034728014427,0.11151812753329671,0,holdout,all_families
official_language:16,official_language,preanswer,-0.08797307750703315,0.011829453210035923,21,holdout,all_families
official_language:16,official_language,subject,0.037742186007866003,0.11214215991397691,0,holdout,all_families
official_language:17,official_language,preanswer,-0.09200031415563596,0.006266369173924091,21,holdout,all_families
official_language:17,official_language,subject,0.03308121995845189,0.11325950392832351,0,holdout,all_families
birth_place:14,birth_place,preanswer,-0.13587371361108472,0.02855939887188108,21,holdout,no_chat
birth_place:14,birth_place,subject,0.27404626107050306,0.8027835615255214,0,holdout,no_chat
birth_place:15,birth_place,preanswer,-0.13782853421605665,0.0556366476747725,21,holdout,no_chat
birth_place:15,birth_place,subject,0.2775228342363312,0.8662205504046546,0,holdout,no_chat
birth_place:16,birth_place,preanswer,-0.14750978843895374,-0.013455329117951553,-1,holdout,no_chat
birth_place:16,birth_place,subject,0.33229887793645446,0.8974715835518308,0,holdout,no_chat
birth_place:17,birth_place,preanswer,-0.13842535353507157,-0.000810450977749344,-1,holdout,no_chat
birth_place:17,birth_place,subject,0.25348780539898597,0.8427791854849569,0,holdout,no_chat
capital:14,capital,preanswer,-0.09892651489303435,0.10114795852590497,21,holdout,no_chat
capital:14,capital,subject,0.5284440968139671,0.8541993112475783,0,holdout,no_chat
capital:15,capital,preanswer,-0.09917128380434011,0.1368685552367458,21,holdout,no_chat
capital:15,capital,subject,-0.025897001169254006,0.0647853469407117,1,holdout,no_chat
capital:16,capital,preanswer,-0.09292894790385975,0.13249558983025733,21,holdout,no_chat
capital:16,capital,subject,-0.012677704041570806,0.0662727344919134,1,holdout,no_chat
capital:17,capital,preanswer,-0.10221744075785448,0.09127453742203895,21,holdout,no_chat
capital:17,capital,subject,-0.017761554557508153,0.06662777286988719,0,holdout,no_chat
currency:14,currency,preanswer,-0.10174982364714884,0.03810360034306837,21,holdout,no_chat
currency:14,currency,subject,0.5262539866667839,0.8558542446957694,0,holdout,no_chat
currency:15,currency,preanswer,-0.10892343875250698,0.026756840723532238,21,holdout,no_chat
currency:15,currency,subject,-0.022138770497231564,0.06440230983274953,1,holdout,no_chat
currency:16,currency,preanswer,-0.09760117438840278,0.03549862349474864,21,holdout,no_chat
currency:16,currency,subject,-0.013451010954600788,0.06723975362601109,1,holdout,no_chat
currency:17,currency,preanswer,-0.10769117356818399,0.019549723024721466,21,holdout,no_chat
currency:17,currency,subject,-0.020912990238471527,0.06621736839965531,0,holdout,no_chat
headquarters:14,headquarters,preanswer,-0.13992218423726752,0.0090899997287327,21,holdout,no_chat
headquarters:14,headquarters,subject,-0.02482185750400388,0.09421764010632483,0,holdout,no_chat
headquarters:15,headquarters,preanswer,-0.1369419271402337,0.0028283044143959657,-1,holdout,no_chat
headquarters:15,headquarters,subject,0.5503970609452632,0.9852171840027748,0,holdout,no_chat
headquarters:16,headquarters,preanswer,-0.13786367469547708,0.010886172453562382,21,holdout,no_chat
headquarters:16,headquarters,subject,-0.020129200542506605,0.09193681856548341,0,holdout,no_chat
headquarters:17,headquarters,preanswer,-0.13718438547472525,0.018030513215947952,21,holdout,no_chat
headquarters:17,headquarters,subject,-0.022500952943781516,0.09542456972930158,0,holdout,no_chat
official_language:14,official_language,preanswer,-0.10303219789524137,0.03806602071832732,21,holdout,no_chat
official_language:14,official_language,subject,0.5526613232415215,0.8496631077594227,0,holdout,no_chat
official_language:15,official_language,preanswer,-0.10884964976597715,0.045266716568558296,21,holdout,no_chat
official_language:15,official_language,subject,-0.017914624505296916,0.0690591125576584,1,holdout,no_chat
official_language:16,official_language,preanswer,-0.10355534073379306,0.03419952922397185,21,holdout,no_chat
official_language:16,official_language,subject,-0.010376398267661348,0.06936195713502391,1,holdout,no_chat
official_language:17,official_language,preanswer,-0.10857514448371934,0.027809697168844738,21,holdout,no_chat
official_language:17,official_language,subject,-0.017084756026757363,0.07026392111071833,0,holdout,no_chat
birth_place:14,birth_place,preanswer,-0.1854944137176351,-0.0016288246427264008,-1,holdout,length_matched_delta4
birth_place:14,birth_place,subject,0.2680743645677077,0.8057581818706933,0,holdout,length_matched_delta4
birth_place:15,birth_place,preanswer,-0.18791810179217938,0.021771791790212935,21,holdout,length_matched_delta4
birth_place:15,birth_place,subject,0.2709678237341226,0.8664834692719438,0,holdout,length_matched_delta4
birth_place:16,birth_place,preanswer,-0.1906608527478499,-0.046169840372525695,-1,holdout,length_matched_delta4
birth_place:16,birth_place,subject,0.3402792547638409,0.9018833445241818,0,holdout,length_matched_delta4
birth_place:17,birth_place,preanswer,-0.18571829373160234,-0.052304948751743074,-1,holdout,length_matched_delta4
birth_place:17,birth_place,subject,0.26201939890877557,0.8434519395232201,0,holdout,length_matched_delta4
capital:14,capital,preanswer,-0.17209104203160794,0.002810610192162666,-1,holdout,length_matched_delta4
capital:14,capital,subject,0.5287241164358362,0.8647986820765904,0,holdout,length_matched_delta4
capital:15,capital,preanswer,-0.17202095212279886,-0.011945876090422969,-1,holdout,length_matched_delta4
capital:15,capital,subject,-0.0323751552057439,0.04947679587032483,1,holdout,length_matched_delta4
capital:16,capital,preanswer,-0.1554600420691397,0.04362569684567663,21,holdout,length_matched_delta4
capital:16,capital,subject,-0.02159637992904669,0.051182569369025877,1,holdout,length_matched_delta4
capital:17,capital,preanswer,-0.15510962752328403,0.04361993074417114,21,holdout,length_matched_delta4
capital:17,capital,subject,-0.028370408125329708,0.05131326680598047,1,holdout,length_matched_delta4
currency:14,currency,preanswer,-0.16919200184444586,2.7247837608435077e-07,-1,holdout,length_matched_delta4
currency:14,currency,subject,0.5307397325449283,0.8660839721560478,0,holdout,length_matched_delta4
currency:15,currency,preanswer,-0.1699104794719513,-0.03777340054512024,-1,holdout,length_matched_delta4
currency:15,currency,subject,-0.026185230594938217,0.049206481031749516,1,holdout,length_matched_delta4
currency:16,currency,preanswer,-0.15538542739291122,-0.018718157125555912,-1,holdout,length_matched_delta4
currency:16,currency,subject,-0.019908746097074905,0.051912805308466425,1,holdout,length_matched_delta4
currency:17,currency,preanswer,-0.16002687639084415,-0.0059542215388753705,-1,holdout,length_matched_delta4
currency:17,currency,subject,-0.027591123137677063,0.0510792084362196,1,holdout,length_matched_delta4
headquarters:14,headquarters,preanswer,-0.20386168880698582,-0.0502188578248024,-1,holdout,length_matched_delta4
headquarters:14,headquarters,subject,-0.01592730402111897,0.09219601502021157,0,holdout,length_matched_delta4
headquarters:15,headquarters,preanswer,-0.19044949251434043,-0.06163681298494339,-1,holdout,length_matched_delta4
headquarters:15,headquarters,subject,0.5759262854942494,0.9897861840458214,0,holdout,length_matched_delta4
headquarters:16,headquarters,preanswer,-0.2057541519558678,-0.05864687263965607,-1,holdout,length_matched_delta4
headquarters:16,headquarters,subject,-0.011299293464010896,0.08894356526434422,0,holdout,length_matched_delta4
headquarters:17,headquarters,preanswer,-0.201124391078742,-0.03669878343741095,-1,holdout,length_matched_delta4
headquarters:17,headquarters,subject,-0.014098949886627249,0.09256639579931891,0,holdout,length_matched_delta4
official_language:14,official_language,preanswer,-0.1657045998625339,0.008725488469714215,21,holdout,length_matched_delta4
official_language:14,official_language,subject,0.5560123278271584,0.8610290679193678,0,holdout,length_matched_delta4
official_language:15,official_language,preanswer,-0.16064560297282712,0.010517107403796633,21,holdout,length_matched_delta4
official_language:15,official_language,subject,-0.023412694844106827,0.05550552580667578,1,holdout,length_matched_delta4
official_language:16,official_language,preanswer,-0.15402175313320712,0.009534309739651858,21,holdout,length_matched_delta4
official_language:16,official_language,subject,-0.018607205508843715,0.05555822279142297,1,holdout,length_matched_delta4
official_language:17,official_language,preanswer,-0.1593432699100695,0.00592140011165454,-1,holdout,length_matched_delta4
official_language:17,official_language,subject,-0.025403233015558847,0.05707772659218835,1,holdout,length_matched_delta4
