model_name,model_variant,relation,fact_id,relation_control_fact_id,best_family,worst_family,early_layer,late_layer,baseline_best_answer_f1,projected_best_answer_f1,project_best_answer_f1_delta,baseline_best_selectivity,projected_best_selectivity,project_best_selectivity_delta,baseline_best_alignment,projected_best_alignment,project_best_alignment_delta,projected_best_control_answer_f1,project_best_control_answer_f1_delta,projected_best_control_selectivity,project_best_control_selectivity_delta,projected_best_control_alignment,project_best_control_alignment_delta,projected_best_random_answer_f1,project_best_random_answer_f1_delta,projected_best_random_selectivity,project_best_random_selectivity_delta,projected_best_random_alignment,project_best_random_alignment_delta,baseline_worst_answer_f1,patched_worst_answer_f1,patch_worst_answer_f1_delta,baseline_worst_selectivity,patched_worst_selectivity,patch_worst_selectivity_delta,baseline_worst_alignment,patched_worst_alignment,patch_worst_alignment_delta,patched_worst_control_answer_f1,patch_worst_control_answer_f1_delta,patched_worst_control_selectivity,patch_worst_control_selectivity_delta,patched_worst_control_alignment,patch_worst_control_alignment_delta,patched_worst_random_answer_f1,patch_worst_random_answer_f1_delta,patched_worst_random_selectivity,patch_worst_random_selectivity_delta,patched_worst_random_alignment,patch_worst_random_alignment_delta
gemma_270m_it,instruct,capital,capital:0,capital:1,raw_question,declarative,0,12,0.6666666666666666,0.0,-0.6666666666666666,0.6666666666666666,0.0,-0.6666666666666666,0.0058705806732177734,-0.06426036357879639,-0.07013094425201416,0.0,-0.6666666666666666,0.0,-0.6666666666666666,-0.014034807682037354,-0.019905388355255127,0.6666666666666666,0.0,0.6666666666666666,0.0,0.0065773725509643555,0.000706791877746582,0.25,0.19999999999999998,-0.05000000000000002,0.25,0.19999999999999998,-0.05000000000000002,0.06296753883361816,0.08512073755264282,0.022153198719024658,0.0,-0.25,-0.2222222222222222,-0.4722222222222222,0.020462095737457275,-0.04250544309616089,0.0,-0.25,0.0,-0.25,-0.030827224254608154,-0.09379476308822632
gemma_270m_it,instruct,capital,capital:1,capital:10,raw_question,declarative,0,12,0.0,0.0,0.0,0.0,0.0,0.0,0.00206601619720459,0.0020879507064819336,2.193450927734375e-05,0.0,0.0,0.0,0.0,-0.021979928016662598,-0.024045944213867188,0.0,0.0,0.0,0.0,0.0007573366165161133,-0.0013086795806884766,0.0,0.0,0.0,0.0,0.0,0.0,0.06631344556808472,0.025341033935546875,-0.04097241163253784,0.0,0.0,0.0,0.0,0.04528796672821045,-0.021025478839874268,0.0,0.0,0.0,0.0,-0.04446595907211304,-0.11077940464019775
gemma_270m_it,instruct,capital,capital:2,capital:3,raw_question,declarative,0,12,0.0,0.0,0.0,0.0,0.0,0.0,-0.0016522407531738281,-0.10667282342910767,-0.10502058267593384,0.0,0.0,0.0,0.0,-0.002868354320526123,-0.001216113567352295,0.0,0.0,0.0,0.0,-1.9729137420654297e-05,0.0016325116157531738,0.0,0.0,0.0,0.0,0.0,0.0,0.06331104040145874,0.08246386051177979,0.019152820110321045,0.0,0.0,0.0,0.0,0.04235661029815674,-0.020954430103302002,0.0,0.0,0.0,0.0,-0.03981858491897583,-0.10312962532043457
gemma_270m_it,instruct,capital,capital:3,capital:4,raw_question,declarative,0,12,0.0,0.0,0.0,0.0,0.0,0.0,0.053415894508361816,0.07407587766647339,0.020659983158111572,0.0,0.0,0.0,0.0,-0.018860995769500732,-0.07227689027786255,0.0,0.0,0.0,0.0,0.05856895446777344,0.005153059959411621,0.6,0.0,-0.6,0.6,0.0,-0.6,0.0781017541885376,0.028219759464263916,-0.04988199472427368,0.0,-0.6,0.0,-0.6,-0.0028977394104003906,-0.08099949359893799,0.0,-0.6,0.0,-0.6,-0.05866724252700806,-0.13676899671554565
gemma_270m_it,instruct,capital,capital:4,capital:5,raw_question,declarative,0,12,1.0,0.0,-1.0,1.0,0.0,-1.0,0.004654526710510254,-0.10711866617202759,-0.11177319288253784,0.0,-1.0,0.0,-1.0,0.0023196935653686523,-0.0023348331451416016,1.0,0.0,1.0,0.0,0.0056626200675964355,0.0010080933570861816,0.2222222222222222,0.33333333333333337,0.11111111111111116,0.2222222222222222,0.33333333333333337,0.11111111111111116,0.09288549423217773,0.09036898612976074,-0.002516508102416992,0.2222222222222222,0.0,0.2222222222222222,0.0,0.08500069379806519,-0.007884800434112549,0.0,-0.2222222222222222,0.0,-0.2222222222222222,-0.05370539426803589,-0.14659088850021362
gemma_270m_it,instruct,capital,capital:5,capital:6,raw_question,declarative,0,12,0.0,0.0,0.0,0.0,0.0,0.0,0.0013167262077331543,0.002368450164794922,0.0010517239570617676,0.0,0.0,0.0,0.0,0.002172112464904785,0.0008553862571716309,0.0,0.0,0.0,0.0,0.0014622211456298828,0.00014549493789672852,0.0,0.0,0.0,0.0,0.0,0.0,0.06609952449798584,0.062375545501708984,-0.0037239789962768555,0.0,0.0,0.0,0.0,0.01924079656600952,-0.04685872793197632,0.0,0.0,0.0,0.0,-0.005227565765380859,-0.0713270902633667
gemma_270m_it,instruct,capital,capital:6,capital:7,raw_question,declarative,0,12,0.6666666666666666,0.6666666666666666,0.0,0.6666666666666666,0.6666666666666666,0.0,0.002348661422729492,-0.033676981925964355,-0.03602564334869385,0.2,-0.4666666666666666,0.2,-0.4666666666666666,-0.028743386268615723,-0.031092047691345215,0.6666666666666666,0.0,0.6666666666666666,0.0,0.0019962191581726074,-0.00035244226455688477,0.4,0.3636363636363636,-0.03636363636363643,0.4,0.3636363636363636,-0.03636363636363643,0.09962958097457886,0.029223203659057617,-0.07040637731552124,0.4,0.0,0.4,0.0,0.06879711151123047,-0.03083246946334839,0.0,-0.4,0.0,-0.4,-0.008265078067779541,-0.1078946590423584
gemma_270m_it,instruct,capital,capital:7,capital:8,raw_question,declarative,0,12,0.4,0.0,-0.4,0.4,0.0,-0.4,0.024898290634155273,-0.14859157800674438,-0.17348986864089966,0.4,0.0,0.4,0.0,0.02583843469619751,0.0009401440620422363,0.4,0.0,0.4,0.0,0.026457250118255615,0.0015589594841003418,0.25,0.25,0.0,0.25,0.25,0.0,0.08157902956008911,0.09338265657424927,0.011803627014160156,0.0,-0.25,0.0,-0.25,0.03495144844055176,-0.046627581119537354,0.0,-0.25,0.0,-0.25,-0.04663693904876709,-0.1282159686088562
gemma_270m_it,instruct,capital,capital:8,capital:9,raw_question,declarative,0,12,0.0,0.0,0.0,0.0,0.0,0.0,0.0008223652839660645,-0.066650390625,-0.06747275590896606,0.0,0.0,0.0,0.0,-0.0023850202560424805,-0.003207385540008545,0.0,0.0,0.0,0.0,0.0021526217460632324,0.001330256462097168,0.25,0.25,0.0,0.25,0.25,0.0,0.0688667893409729,0.055759310722351074,-0.013107478618621826,0.25,0.0,0.25,0.0,0.05214488506317139,-0.016721904277801514,0.0,-0.25,0.0,-0.25,-0.018688738346099854,-0.08755552768707275
gemma_270m_it,instruct,capital,capital:9,capital:0,raw_question,declarative,0,12,0.4,0.0,-0.4,0.4,0.0,-0.4,0.02649557590484619,-0.11749184131622314,-0.14398741722106934,0.4,0.0,0.4,0.0,0.025153160095214844,-0.0013424158096313477,0.4,0.0,0.4,0.0,0.02515798807144165,-0.001337587833404541,0.25,0.25,0.0,0.25,0.25,0.0,0.08076685667037964,0.061034440994262695,-0.019732415676116943,0.33333333333333337,0.08333333333333337,0.33333333333333337,0.08333333333333337,0.04942584037780762,-0.03134101629257202,0.0,-0.25,0.0,-0.25,-0.034754037857055664,-0.1155208945274353
gemma_270m_it,instruct,capital,capital:10,capital:11,raw_question,declarative,0,12,0.6666666666666666,0.0,-0.6666666666666666,0.6666666666666666,-0.6666666666666666,-1.3333333333333333,0.00794750452041626,-0.11190247535705566,-0.11984997987747192,0.6666666666666666,0.0,0.6666666666666666,0.0,0.007157266139984131,-0.0007902383804321289,0.6666666666666666,0.0,0.6666666666666666,0.0,0.010799646377563477,0.002852141857147217,0.25,0.25,0.0,0.25,0.25,0.0,0.07673859596252441,0.0721476674079895,-0.004590928554534912,0.0,-0.25,0.0,-0.25,-0.00429004430770874,-0.08102864027023315,0.0,-0.25,0.0,-0.25,-0.041583895683288574,-0.11832249164581299
gemma_270m_it,instruct,capital,capital:11,capital:2,raw_question,declarative,0,12,0.25,0.0,-0.25,0.25,0.0,-0.25,-0.0072296857833862305,-0.07737970352172852,-0.07015001773834229,0.25,0.0,0.25,0.0,0.00612717866897583,0.01335686445236206,0.25,0.0,0.25,0.0,-0.004707455635070801,0.0025222301483154297,0.2222222222222222,0.19999999999999998,-0.022222222222222227,0.2222222222222222,0.19999999999999998,-0.022222222222222227,0.11101502180099487,0.11563271284103394,0.0046176910400390625,0.2222222222222222,0.0,0.2222222222222222,0.0,0.05970257520675659,-0.05131244659423828,0.0,-0.2222222222222222,0.0,-0.2222222222222222,-0.05201387405395508,-0.16302889585494995
gemma_270m_it,instruct,official_language,official_language:0,official_language:1,raw_question,declarative,0,12,0.0,0.0,0.0,0.0,0.0,0.0,0.02210402488708496,-0.04639071226119995,-0.06849473714828491,0.0,0.0,0.0,0.0,0.003968775272369385,-0.018135249614715576,0.0,0.0,0.0,0.0,0.021388769149780273,-0.0007152557373046875,0.0,0.0,0.0,0.0,0.0,0.0,-0.0008634328842163086,0.0029204487800598145,0.003783881664276123,0.0,0.0,-0.19999999999999998,-0.19999999999999998,-0.007146775722503662,-0.0062833428382873535,0.0,0.0,0.0,0.0,-0.011059224605560303,-0.010195791721343994
gemma_270m_it,instruct,official_language,official_language:1,official_language:10,raw_question,declarative,0,12,0.6666666666666666,0.4,-0.2666666666666666,0.6666666666666666,0.4,-0.2666666666666666,0.024725615978240967,0.01571333408355713,-0.009012281894683838,0.0,-0.6666666666666666,0.0,-0.6666666666666666,-0.003225862979888916,-0.027951478958129883,0.6666666666666666,0.0,0.6666666666666666,0.0,0.01697617769241333,-0.007749438285827637,0.0,0.0,0.0,0.0,0.0,0.0,-0.020067989826202393,-0.013432681560516357,0.006635308265686035,0.0,0.0,0.0,0.0,-0.02483266592025757,-0.004764676094055176,0.0,0.0,0.0,0.0,-0.027256309986114502,-0.007188320159912109
gemma_270m_it,instruct,official_language,official_language:2,official_language:3,raw_question,declarative,0,12,0.5,0.0,-0.5,0.5,0.0,-0.5,0.009601831436157227,-0.05081307888031006,-0.060414910316467285,0.0,-0.5,0.0,-0.5,0.001309514045715332,-0.008292317390441895,0.5,0.0,0.5,0.0,0.009785354137420654,0.00018352270126342773,0.0,0.0,0.0,0.0,0.0,0.0,-0.01081615686416626,-0.012574315071105957,-0.0017581582069396973,0.0,0.0,0.0,0.0,-0.013130247592926025,-0.0023140907287597656,0.0,0.0,0.0,0.0,-0.016332626342773438,-0.005516469478607178
gemma_270m_it,instruct,official_language,official_language:3,official_language:4,raw_question,declarative,0,12,0.0,0.0,0.0,0.0,0.0,0.0,0.038961946964263916,0.046903908252716064,0.007941961288452148,0.0,0.0,0.0,0.0,0.017841994762420654,-0.02111995220184326,0.0,0.0,0.0,0.0,0.038835108280181885,-0.00012683868408203125,0.0,0.0,0.0,0.0,0.0,0.0,-0.018625319004058838,-0.017389357089996338,0.0012359619140625,0.0,0.0,0.0,0.0,-0.034783005714416504,-0.016157686710357666,0.0,0.0,0.0,0.0,-0.029698312282562256,-0.011072993278503418
gemma_270m_it,instruct,official_language,official_language:4,official_language:5,raw_question,declarative,0,12,0.5,0.0,-0.5,0.5,0.0,-0.5,0.01973414421081543,-0.06030535697937012,-0.08003950119018555,0.0,-0.5,0.0,-0.5,0.020834922790527344,0.001100778579711914,0.5,0.0,0.5,0.0,0.01879405975341797,-0.0009400844573974609,0.0,0.0,0.0,0.0,0.0,0.0,-0.013647735118865967,-0.01880490779876709,-0.005157172679901123,0.0,0.0,0.0,0.0,-0.014289140701293945,-0.0006414055824279785,0.0,0.0,0.0,0.0,-0.027062594890594482,-0.013414859771728516
gemma_270m_it,instruct,official_language,official_language:5,official_language:6,raw_question,declarative,0,12,0.5,0.5,0.0,0.0,0.0,0.0,0.015385746955871582,0.01627194881439209,0.0008862018585205078,0.5,0.0,0.0,0.0,0.015043258666992188,-0.00034248828887939453,0.5,0.0,0.0,0.0,0.01585257053375244,0.0004668235778808594,0.0,0.0,0.0,0.0,0.0,0.0,-0.003854036331176758,-0.004620611667633057,-0.0007665753364562988,0.0,0.0,0.0,0.0,-0.006289422512054443,-0.0024353861808776855,0.0,0.0,0.0,0.0,-0.0012701749801635742,0.0025838613510131836
gemma_270m_it,instruct,official_language,official_language:6,official_language:7,raw_question,declarative,0,12,0.5,0.5,0.0,0.5,0.5,0.0,0.02076631784439087,0.020781993865966797,1.5676021575927734e-05,0.5,0.0,0.5,0.0,-0.0010200738906860352,-0.021786391735076904,0.5,0.0,0.5,0.0,0.021219909191131592,0.00045359134674072266,0.0,0.0,0.0,0.0,0.0,0.0,-0.002227485179901123,-0.011001050472259521,-0.008773565292358398,0.0,0.0,0.0,0.0,-0.005602061748504639,-0.0033745765686035156,0.0,0.0,0.0,0.0,-0.009501039981842041,-0.007273554801940918
gemma_270m_it,instruct,official_language,official_language:7,official_language:8,raw_question,declarative,0,12,0.4,0.0,-0.4,0.4,0.0,-0.4,0.03408437967300415,-0.08650445938110352,-0.12058883905410767,0.4,0.0,0.4,0.0,0.031158864498138428,-0.0029255151748657227,0.4,0.0,0.4,0.0,0.03245264291763306,-0.0016317367553710938,0.19999999999999998,0.0,-0.19999999999999998,0.19999999999999998,0.0,-0.19999999999999998,-0.015129804611206055,-0.018935441970825195,-0.0038056373596191406,0.0,-0.19999999999999998,0.0,-0.19999999999999998,-0.018186330795288086,-0.0030565261840820312,0.0,-0.19999999999999998,0.0,-0.19999999999999998,-0.017720580101013184,-0.002590775489807129
gemma_270m_it,instruct,official_language,official_language:8,official_language:9,raw_question,declarative,0,12,0.5,0.0,-0.5,0.0,0.0,0.0,0.022594451904296875,-0.03812640905380249,-0.060720860958099365,0.5,0.0,0.0,0.0,0.013757824897766113,-0.008836627006530762,0.5,0.0,0.0,0.0,0.021294593811035156,-0.0012998580932617188,0.0,0.0,0.0,0.0,0.0,0.0,0.00014847517013549805,0.004204154014587402,0.004055678844451904,0.0,0.0,0.0,0.0,-0.004203200340270996,-0.004351675510406494,0.0,0.0,0.0,0.0,-0.0026584863662719727,-0.0028069615364074707
gemma_270m_it,instruct,official_language,official_language:9,official_language:0,raw_question,declarative,0,12,0.5,0.0,-0.5,0.5,0.0,-0.5,0.026163339614868164,-0.06308865547180176,-0.08925199508666992,0.5,0.0,0.5,0.0,0.02338540554046631,-0.0027779340744018555,0.5,0.0,0.5,0.0,0.019698500633239746,-0.006464838981628418,0.0,0.0,0.0,0.0,0.0,0.0,-0.010273516178131104,-0.007758677005767822,0.0025148391723632812,0.0,0.0,0.0,0.0,-0.012134969234466553,-0.0018614530563354492,0.0,0.0,0.0,0.0,-0.015407383441925049,-0.005133867263793945
gemma_270m_it,instruct,official_language,official_language:10,official_language:11,raw_question,declarative,0,12,0.0,0.0,0.0,0.0,0.0,0.0,0.02359592914581299,-0.0656619668006897,-0.08925789594650269,0.0,0.0,0.0,0.0,0.021591246128082275,-0.002004683017730713,0.0,0.0,0.0,0.0,0.02269876003265381,-0.0008971691131591797,0.19999999999999998,0.0,-0.19999999999999998,0.19999999999999998,0.0,-0.19999999999999998,-0.009083688259124756,-0.01337665319442749,-0.004292964935302734,0.0,-0.19999999999999998,0.0,-0.19999999999999998,-0.01437753438949585,-0.005293846130371094,0.0,-0.19999999999999998,0.0,-0.19999999999999998,-0.009445726871490479,-0.00036203861236572266
gemma_270m_it,instruct,official_language,official_language:11,official_language:2,raw_question,declarative,0,12,0.0,0.0,0.0,0.0,0.0,0.0,0.021698057651519775,-0.029028892517089844,-0.05072695016860962,0.0,0.0,0.0,0.0,0.02435588836669922,0.0026578307151794434,0.0,0.0,0.0,0.0,0.02108895778656006,-0.0006090998649597168,0.0,0.0,0.0,0.0,0.0,0.0,-0.0029247403144836426,-0.0011086463928222656,0.001816093921661377,0.0,0.0,0.0,0.0,-0.006309866905212402,-0.0033851265907287598,0.0,0.0,0.0,0.0,-0.003956973552703857,-0.0010322332382202148
gemma_270m_it,instruct,currency,currency:0,currency:1,raw_question,declarative,0,12,0.4,0.0,-0.4,0.4,0.0,-0.4,0.013099491596221924,-0.06406819820404053,-0.07716768980026245,0.0,-0.4,-0.4,-0.8,0.0031579136848449707,-0.009941577911376953,0.4,0.0,0.4,0.0,0.011930406093597412,-0.0011690855026245117,0.28571428571428575,0.22222222222222224,-0.06349206349206352,0.28571428571428575,0.22222222222222224,-0.06349206349206352,0.05554008483886719,0.05090129375457764,-0.004638791084289551,0.0,-0.28571428571428575,-0.4444444444444445,-0.7301587301587302,0.022143840789794922,-0.033396244049072266,0.0,-0.28571428571428575,0.0,-0.28571428571428575,-0.007039964199066162,-0.06258004903793335
gemma_270m_it,instruct,currency,currency:1,currency:10,raw_question,declarative,0,12,0.8,0.8,0.0,0.8,0.8,0.0,0.016389071941375732,0.016800761222839355,0.00041168928146362305,0.0,-0.8,0.0,-0.8,-0.018309354782104492,-0.034698426723480225,0.8,0.0,0.8,0.0,0.002727210521697998,-0.013661861419677734,0.4444444444444445,0.0,-0.4444444444444445,0.4444444444444445,0.0,-0.4444444444444445,0.06407809257507324,-0.0010205507278442383,-0.06509864330291748,0.0,-0.4444444444444445,0.0,-0.4444444444444445,0.0475124716758728,-0.01656562089920044,0.0,-0.4444444444444445,0.0,-0.4444444444444445,-0.00442737340927124,-0.06850546598434448
gemma_270m_it,instruct,currency,currency:2,currency:3,raw_question,declarative,0,12,0.0,0.0,0.0,0.0,0.0,0.0,0.011268377304077148,-0.07813578844070435,-0.0894041657447815,0.0,0.0,0.0,0.0,-0.004408597946166992,-0.01567697525024414,0.0,0.0,0.0,0.0,0.012062668800354004,0.0007942914962768555,0.22222222222222224,0.22222222222222224,0.0,0.22222222222222224,0.22222222222222224,0.0,0.05191534757614136,0.06553637981414795,0.013621032238006592,0.0,-0.22222222222222224,0.0,-0.22222222222222224,0.032574474811553955,-0.019340872764587402,0.0,-0.22222222222222224,0.0,-0.22222222222222224,-0.013470470905303955,-0.06538581848144531
gemma_270m_it,instruct,currency,currency:3,currency:4,raw_question,declarative,0,12,0.0,0.0,0.0,0.0,0.0,0.0,0.03965950012207031,0.04997909069061279,0.01031959056854248,0.33333333333333337,0.33333333333333337,0.08333333333333337,0.08333333333333337,-0.0008484125137329102,-0.04050791263580322,0.0,0.0,-0.8571428571428571,-0.8571428571428571,0.03748941421508789,-0.002170085906982422,0.0,0.0,0.0,0.0,0.0,0.0,0.0564875602722168,0.01621103286743164,-0.040276527404785156,0.2222222222222222,0.2222222222222222,0.2222222222222222,0.2222222222222222,0.010877370834350586,-0.04561018943786621,0.0,0.0,0.0,0.0,-0.02699446678161621,-0.08348202705383301
gemma_270m_it,instruct,currency,currency:4,currency:5,raw_question,declarative,0,12,0.0,0.0,0.0,0.0,0.0,0.0,0.013885855674743652,-0.08237689733505249,-0.09626275300979614,0.0,0.0,0.0,0.0,-0.005873620510101318,-0.01975947618484497,0.0,0.0,0.0,0.0,0.0009121894836425781,-0.012973666191101074,0.3333333333333333,0.0,-0.3333333333333333,0.3333333333333333,0.0,-0.3333333333333333,0.07521480321884155,0.06253355741500854,-0.012681245803833008,0.0,-0.3333333333333333,0.0,-0.3333333333333333,0.06812304258346558,-0.0070917606353759766,0.0,-0.3333333333333333,0.0,-0.3333333333333333,-0.03029167652130127,-0.10550647974014282
gemma_270m_it,instruct,currency,currency:5,currency:6,raw_question,declarative,0,12,0.0,0.0,0.0,0.0,0.0,0.0,0.01432722806930542,0.013897597789764404,-0.0004296302795410156,0.0,0.0,0.0,0.0,0.014275193214416504,-5.2034854888916016e-05,0.0,0.0,0.0,0.0,0.015267550945281982,0.0009403228759765625,0.2222222222222222,0.2222222222222222,0.0,0.2222222222222222,0.2222222222222222,0.0,0.05133962631225586,0.04386782646179199,-0.007471799850463867,0.2222222222222222,0.0,0.2222222222222222,0.0,0.021483123302459717,-0.029856503009796143,0.2,-0.0222222222222222,0.2,-0.0222222222222222,0.02244347333908081,-0.02889615297317505
gemma_270m_it,instruct,currency,currency:6,currency:7,raw_question,declarative,0,12,0.0,0.0,0.0,0.0,0.0,0.0,0.021240174770355225,0.022106409072875977,0.000866234302520752,0.0,0.0,0.0,0.0,-0.007334768772125244,-0.02857494354248047,0.0,0.0,0.0,0.0,0.02369636297225952,0.002456188201904297,0.4444444444444445,0.4444444444444445,0.0,0.4444444444444445,0.4444444444444445,0.0,0.059437572956085205,0.004864215850830078,-0.05457335710525513,0.4444444444444445,0.0,0.4444444444444445,0.0,0.03874683380126953,-0.020690739154815674,0.0,-0.4444444444444445,0.0,-0.4444444444444445,0.005770623683929443,-0.05366694927215576
gemma_270m_it,instruct,currency,currency:7,currency:8,raw_question,declarative,0,12,0.4,0.0,-0.4,0.4,0.0,-0.4,0.026811957359313965,-0.11664992570877075,-0.14346188306808472,0.4,0.0,0.4,0.0,0.02829277515411377,0.0014808177947998047,0.0,-0.4,0.0,-0.4,0.02467191219329834,-0.002140045166015625,0.28571428571428575,0.22222222222222224,-0.06349206349206352,0.28571428571428575,0.22222222222222224,-0.06349206349206352,0.07890623807907104,0.06418120861053467,-0.014725029468536377,0.0,-0.28571428571428575,0.0,-0.28571428571428575,0.031156182289123535,-0.04775005578994751,0.0,-0.28571428571428575,0.0,-0.28571428571428575,-0.04078185558319092,-0.11968809366226196
gemma_270m_it,instruct,currency,currency:8,currency:9,raw_question,declarative,0,12,0.8,0.0,-0.8,0.8,0.0,-0.8,0.02284252643585205,-0.04757422208786011,-0.07041674852371216,0.8,0.0,0.8,0.0,0.013155043125152588,-0.009687483310699463,0.8,0.0,0.8,0.0,0.022066056728363037,-0.0007764697074890137,0.4444444444444445,0.4444444444444445,0.0,0.4444444444444445,0.4444444444444445,0.0,0.058729708194732666,0.055410146713256836,-0.00331956148147583,0.4444444444444445,0.0,0.4444444444444445,0.0,0.05009722709655762,-0.008632481098175049,0.0,-0.4444444444444445,0.0,-0.4444444444444445,-0.010994255542755127,-0.06972396373748779
gemma_270m_it,instruct,currency,currency:9,currency:0,raw_question,declarative,0,12,0.0,0.0,0.0,0.0,0.0,0.0,0.022483408451080322,-0.09272438287734985,-0.11520779132843018,0.5,0.5,0.0,0.0,0.018290579319000244,-0.004192829132080078,0.0,0.0,0.0,0.0,0.018930673599243164,-0.003552734851837158,0.0,0.0,0.0,0.0,0.0,0.0,0.06444931030273438,0.018732786178588867,-0.04571652412414551,0.0,0.0,0.0,0.0,0.03604757785797119,-0.028401732444763184,0.0,0.0,0.0,0.0,-0.009682238101959229,-0.0741315484046936
gemma_270m_it,instruct,currency,currency:10,currency:11,raw_question,declarative,0,12,0.4,0.0,-0.4,0.4,0.0,-0.4,0.022400319576263428,-0.10292202234268188,-0.1253223419189453,0.4,0.0,0.4,0.0,0.020665645599365234,-0.0017346739768981934,0.4,0.0,0.4,0.0,0.023034632205963135,0.000634312629699707,0.28571428571428575,0.0,-0.28571428571428575,0.28571428571428575,0.0,-0.28571428571428575,0.06771117448806763,0.04057198762893677,-0.02713918685913086,0.0,-0.28571428571428575,0.0,-0.28571428571428575,0.014466285705566406,-0.05324488878250122,0.0,-0.28571428571428575,0.0,-0.28571428571428575,-0.028718769550323486,-0.09642994403839111
gemma_270m_it,instruct,currency,currency:11,currency:2,raw_question,declarative,0,12,0.4,0.0,-0.4,0.4,0.0,-0.4,0.029581189155578613,-0.06155151128768921,-0.09113270044326782,0.1818181818181818,-0.21818181818181823,0.1818181818181818,-0.21818181818181823,0.03484606742858887,0.005264878273010254,0.1818181818181818,-0.21818181818181823,0.1818181818181818,-0.21818181818181823,0.02970784902572632,0.00012665987014770508,0.22222222222222224,0.28571428571428575,0.06349206349206352,0.22222222222222224,0.28571428571428575,0.06349206349206352,0.07101225852966309,0.07077163457870483,-0.00024062395095825195,0.22222222222222224,0.0,0.22222222222222224,0.0,0.03194546699523926,-0.03906679153442383,0.0,-0.22222222222222224,0.0,-0.22222222222222224,-0.003122866153717041,-0.07413512468338013
gemma_270m_it,instruct,headquarters,headquarters:0,headquarters:1,raw_question,declarative,0,12,0.0,0.5,0.5,0.0,0.5,0.5,0.0430263876914978,0.015515625476837158,-0.027510762214660645,0.2222222222222222,0.2222222222222222,0.2222222222222222,0.2222222222222222,0.02938145399093628,-0.013644933700561523,0.2222222222222222,0.2222222222222222,0.2222222222222222,0.2222222222222222,0.04293745756149292,-8.893013000488281e-05,0.5,0.0,-0.5,0.5,0.0,-0.5,0.05714559555053711,0.05284833908081055,-0.0042972564697265625,0.0,-0.5,-0.5,-1.0,-0.004998564720153809,-0.06214416027069092,0.0,-0.5,0.0,-0.5,-0.0606539249420166,-0.11779952049255371
gemma_270m_it,instruct,headquarters,headquarters:1,headquarters:10,raw_question,declarative,0,12,0.5,0.5,0.0,0.5,0.5,0.0,0.03976923227310181,0.027393341064453125,-0.012375891208648682,0.0,-0.5,0.0,-0.5,0.002504289150238037,-0.03726494312286377,0.5,0.0,0.5,0.0,0.025023162364959717,-0.01474606990814209,0.5,0.0,-0.5,0.5,0.0,-0.5,0.051882147789001465,-0.03218156099319458,-0.08406370878219604,0.5,0.0,0.5,0.0,0.011202394962310791,-0.040679752826690674,0.0,-0.5,0.0,-0.5,-0.039835333824157715,-0.09171748161315918
gemma_270m_it,instruct,headquarters,headquarters:2,headquarters:3,raw_question,declarative,0,12,0.4,0.4,0.0,0.4,0.4,0.0,0.04822099208831787,0.014483451843261719,-0.03373754024505615,0.16666666666666666,-0.23333333333333336,0.16666666666666666,-0.23333333333333336,0.007292687892913818,-0.04092830419540405,0.3333333333333333,-0.06666666666666671,0.3333333333333333,-0.06666666666666671,0.03967016935348511,-0.008550822734832764,0.4,0.4,0.0,0.4,0.4,0.0,0.021728217601776123,0.02254664897918701,0.0008184313774108887,0.0,-0.4,0.0,-0.4,0.004060626029968262,-0.01766759157180786,0.0,-0.4,0.0,-0.4,-0.03206437826156616,-0.053792595863342285
gemma_270m_it,instruct,headquarters,headquarters:3,headquarters:4,raw_question,declarative,0,12,0.0,0.0,0.0,0.0,0.0,0.0,0.03150111436843872,-0.10509735345840454,-0.13659846782684326,0.0,0.0,0.0,0.0,0.012493252754211426,-0.019007861614227295,0.0,0.0,0.0,0.0,0.03207111358642578,0.0005699992179870605,0.0,0.0,0.0,0.0,0.0,0.0,0.022740304470062256,-0.016490042209625244,-0.0392303466796875,0.0,0.0,0.0,0.0,-0.009153604507446289,-0.031893908977508545,0.0,0.0,0.0,0.0,-0.04105335474014282,-0.06379365921020508
gemma_270m_it,instruct,headquarters,headquarters:4,headquarters:5,raw_question,declarative,0,12,0.0,0.0,0.0,0.0,0.0,0.0,0.038674116134643555,0.060453951358795166,0.02177983522415161,0.0,0.0,0.0,0.0,0.0192146897315979,-0.019459426403045654,0.0,0.0,0.0,0.0,0.03542548418045044,-0.0032486319541931152,0.5454545454545454,0.0,-0.5454545454545454,0.5454545454545454,0.0,-0.5454545454545454,0.043398916721343994,0.01673513650894165,-0.026663780212402344,0.0,-0.5454545454545454,-0.2,-0.7454545454545454,0.00862199068069458,-0.034776926040649414,0.0,-0.5454545454545454,0.0,-0.5454545454545454,-0.035877108573913574,-0.07927602529525757
gemma_270m_it,instruct,headquarters,headquarters:5,headquarters:6,raw_question,declarative,0,12,0.5,0.0,-0.5,0.25,0.0,-0.25,0.024605870246887207,-0.11771076917648315,-0.14231663942337036,0.2222222222222222,-0.2777777777777778,0.2222222222222222,-0.02777777777777779,0.0021803975105285645,-0.022425472736358643,0.5,0.0,0.25,0.0,0.02607792615890503,0.0014720559120178223,0.5,0.4,-0.09999999999999998,0.25,0.2,-0.04999999999999999,0.035327374935150146,0.026770830154418945,-0.008556544780731201,0.4,-0.09999999999999998,0.2,-0.04999999999999999,0.021690309047698975,-0.013637065887451172,0.0,-0.5,0.0,-0.25,-0.028997719287872314,-0.06432509422302246
gemma_270m_it,instruct,headquarters,headquarters:6,headquarters:7,raw_question,declarative,0,12,0.0,0.0,0.0,0.0,0.0,0.0,0.038260698318481445,-0.11860477924346924,-0.15686547756195068,0.0,0.0,0.0,0.0,-0.0035718679428100586,-0.041832566261291504,0.0,0.0,0.0,0.0,0.026816487312316895,-0.01144421100616455,0.0,0.0,0.0,0.0,0.0,0.0,0.026943981647491455,0.013136565685272217,-0.013807415962219238,0.0,0.0,0.0,0.0,-0.01708751916885376,-0.044031500816345215,0.0,0.0,0.0,0.0,-0.03980731964111328,-0.06675130128860474
gemma_270m_it,instruct,headquarters,headquarters:7,headquarters:8,raw_question,declarative,0,12,0.0,0.0,0.0,0.0,0.0,0.0,0.04017519950866699,0.04024529457092285,7.009506225585938e-05,0.0,0.0,0.0,0.0,0.01509934663772583,-0.025075852870941162,0.0,0.0,0.0,0.0,0.03479117155075073,-0.00538402795791626,0.0,0.0,0.0,0.0,0.0,0.0,0.03310859203338623,0.009460210800170898,-0.023648381233215332,0.0,0.0,0.0,0.0,-0.021979331970214844,-0.055087924003601074,0.0,0.0,0.0,0.0,-0.024298787117004395,-0.057407379150390625
gemma_270m_it,instruct,headquarters,headquarters:8,headquarters:9,raw_question,declarative,0,12,0.25,0.0,-0.25,0.25,0.0,-0.25,0.026401877403259277,-0.1250169277191162,-0.1514188051223755,0.0,-0.25,0.0,-0.25,-0.005117654800415039,-0.031519532203674316,0.2222222222222222,-0.02777777777777779,0.2222222222222222,-0.02777777777777779,0.028015315532684326,0.0016134381294250488,0.2222222222222222,0.0,-0.2222222222222222,0.2222222222222222,0.0,-0.2222222222222222,0.037895262241363525,0.015283524990081787,-0.02261173725128174,0.0,-0.2222222222222222,0.0,-0.2222222222222222,0.011279523372650146,-0.02661573886871338,0.0,-0.2222222222222222,0.0,-0.2222222222222222,0.009046494960784912,-0.028848767280578613
gemma_270m_it,instruct,headquarters,headquarters:9,headquarters:0,raw_question,declarative,0,12,0.2857142857142857,0.0,-0.2857142857142857,0.2857142857142857,0.0,-0.2857142857142857,0.038545310497283936,0.04701268672943115,0.008467376232147217,0.2857142857142857,0.0,0.2857142857142857,0.0,0.03005129098892212,-0.008494019508361816,0.2857142857142857,0.0,0.2857142857142857,0.0,0.040366172790527344,0.0018208622932434082,0.2222222222222222,0.0,-0.2222222222222222,0.2222222222222222,-0.1818181818181818,-0.404040404040404,0.0479547381401062,0.01624321937561035,-0.03171151876449585,0.2857142857142857,0.06349206349206349,0.2857142857142857,0.06349206349206349,0.03958970308303833,-0.008365035057067871,0.0,-0.2222222222222222,-0.22222222222222224,-0.4444444444444444,0.032074153423309326,-0.015880584716796875
gemma_270m_it,instruct,headquarters,headquarters:10,headquarters:11,raw_question,declarative,0,12,0.0,0.0,0.0,0.0,0.0,0.0,0.045906662940979004,0.044353485107421875,-0.001553177833557129,0.0,0.0,0.0,0.0,-0.000591278076171875,-0.04649794101715088,0.0,0.0,0.0,0.0,0.047590672969818115,0.0016840100288391113,0.0,0.0,0.0,0.0,0.0,0.0,0.050736188888549805,0.04379469156265259,-0.006941497325897217,0.0,0.0,0.0,0.0,0.010593771934509277,-0.04014241695404053,0.0,0.0,0.0,0.0,-0.011960387229919434,-0.06269657611846924
gemma_270m_it,instruct,headquarters,headquarters:11,headquarters:2,raw_question,declarative,0,12,0.22222222222222224,0.2,-0.022222222222222227,0.22222222222222224,-0.0222222222222222,-0.24444444444444444,0.040947794914245605,0.05761986970901489,0.016672074794769287,0.22222222222222224,0.0,0.22222222222222224,0.0,0.04147595167160034,0.0005281567573547363,0.22222222222222224,0.0,0.22222222222222224,0.0,0.04143434762954712,0.00048655271530151367,0.0,0.0,0.0,-0.2222222222222222,-0.25,-0.02777777777777779,0.06485569477081299,0.0397486686706543,-0.02510702610015869,0.0,0.0,-0.2222222222222222,0.0,0.03463393449783325,-0.030221760272979736,0.1818181818181818,0.1818181818181818,0.1818181818181818,0.404040404040404,-0.00044143199920654297,-0.06529712677001953
gemma_270m_it,instruct,birth_place,birth_place:0,birth_place:1,raw_question,declarative,0,12,0.6666666666666666,0.2857142857142857,-0.38095238095238093,0.6666666666666666,0.2857142857142857,-0.38095238095238093,0.058282673358917236,0.04530680179595947,-0.012975871562957764,0.6666666666666666,0.0,0.6666666666666666,0.0,0.04978865385055542,-0.008494019508361816,0.6666666666666666,0.0,0.6666666666666666,0.0,0.05971074104309082,0.001428067684173584,0.0,0.0,0.0,0.0,0.0,0.0,0.010849595069885254,-0.024991750717163086,-0.03584134578704834,0.0,0.0,0.0,0.0,-0.01251918077468872,-0.023368775844573975,0.0,0.0,0.0,0.0,-0.030365586280822754,-0.04121518135070801
gemma_270m_it,instruct,birth_place,birth_place:1,birth_place:10,raw_question,declarative,0,12,0.2222222222222222,0.0,-0.2222222222222222,0.2222222222222222,0.0,-0.2222222222222222,0.026183903217315674,-0.0655013918876648,-0.09168529510498047,0.2222222222222222,0.0,0.2222222222222222,0.0,0.018825531005859375,-0.007358372211456299,0.2222222222222222,0.0,0.2222222222222222,0.0,0.02659672498703003,0.00041282176971435547,0.5714285714285715,0.5714285714285715,0.0,0.5714285714285715,0.5714285714285715,0.0,0.06030780076980591,0.05551081895828247,-0.0047969818115234375,0.5714285714285715,0.0,0.5714285714285715,0.0,0.05240654945373535,-0.007901251316070557,0.0,-0.5714285714285715,0.0,-0.5714285714285715,0.04244279861450195,-0.017865002155303955
gemma_270m_it,instruct,birth_place,birth_place:2,birth_place:3,raw_question,declarative,0,12,0.5,1.0,0.5,0.5,1.0,0.5,0.020321011543273926,0.016517817974090576,-0.0038031935691833496,1.0,0.5,1.0,0.5,0.011272072792053223,-0.009048938751220703,1.0,0.5,1.0,0.5,0.01792818307876587,-0.0023928284645080566,0.0,0.0,0.0,0.0,0.0,0.0,0.051801323890686035,0.044216930866241455,-0.00758439302444458,0.0,0.0,0.0,0.0,0.04966634511947632,-0.002134978771209717,0.0,0.0,0.0,0.0,0.005964815616607666,-0.04583650827407837
gemma_270m_it,instruct,birth_place,birth_place:3,birth_place:4,raw_question,declarative,0,12,0.0,0.0,0.0,0.0,0.0,0.0,0.055241942405700684,-0.10463660955429077,-0.15987855195999146,0.0,0.0,0.0,0.0,0.039108097553253174,-0.01613384485244751,0.0,0.0,0.0,0.0,0.052053749561309814,-0.003188192844390869,0.0,0.0,0.0,0.0,0.0,0.0,0.07874399423599243,0.0779758095741272,-0.0007681846618652344,0.0,0.0,0.0,0.0,0.07163691520690918,-0.007107079029083252,0.0,0.0,0.0,0.0,0.06668484210968018,-0.012059152126312256
gemma_270m_it,instruct,birth_place,birth_place:4,birth_place:5,raw_question,declarative,0,12,0.0,0.0,0.0,0.0,0.0,0.0,0.02794283628463745,-0.06550395488739014,-0.09344679117202759,0.0,0.0,0.0,0.0,0.012368381023406982,-0.015574455261230469,0.0,0.0,0.0,0.0,0.02934396266937256,0.0014011263847351074,0.0,0.0,0.0,0.0,0.0,0.0,0.040594637393951416,0.01625460386276245,-0.024340033531188965,0.0,0.0,0.0,0.0,0.022004008293151855,-0.01859062910079956,0.0,0.0,0.0,0.0,0.030453741550445557,-0.01014089584350586
gemma_270m_it,instruct,birth_place,birth_place:5,birth_place:6,raw_question,declarative,0,12,0.0,0.0,0.0,0.0,0.0,0.0,0.051779747009277344,0.04951232671737671,-0.0022674202919006348,0.0,0.0,0.0,0.0,0.039196908473968506,-0.012582838535308838,0.0,0.0,0.0,0.0,0.05159342288970947,-0.0001863241195678711,0.0,0.0,0.0,0.0,0.0,0.0,0.03080892562866211,0.025434911251068115,-0.005374014377593994,0.0,0.0,0.0,0.0,0.028732120990753174,-0.0020768046379089355,0.0,0.0,0.0,0.0,0.018922805786132812,-0.011886119842529297
gemma_270m_it,instruct,birth_place,birth_place:6,birth_place:7,raw_question,declarative,0,12,0.6666666666666666,0.6666666666666666,0.0,0.6666666666666666,0.6666666666666666,0.0,0.029087543487548828,0.02816873788833618,-0.0009188055992126465,0.6666666666666666,0.0,0.6666666666666666,0.0,0.03136289119720459,0.0022753477096557617,0.6666666666666666,0.0,0.6666666666666666,0.0,0.029999911785125732,0.0009123682975769043,0.33333333333333337,0.33333333333333337,0.0,0.33333333333333337,0.33333333333333337,0.0,0.09489905834197998,0.11630904674530029,0.021409988403320312,0.0,-0.33333333333333337,0.0,-0.33333333333333337,0.08446300029754639,-0.010436058044433594,0.33333333333333337,0.0,0.33333333333333337,0.0,0.08393025398254395,-0.010968804359436035
gemma_270m_it,instruct,birth_place,birth_place:7,birth_place:8,raw_question,declarative,0,12,0.6666666666666666,0.0,-0.6666666666666666,0.6666666666666666,0.0,-0.6666666666666666,0.031932950019836426,-0.07229804992675781,-0.10423099994659424,0.0,-0.6666666666666666,0.0,-0.6666666666666666,0.01503300666809082,-0.016899943351745605,0.0,-0.6666666666666666,0.0,-0.6666666666666666,0.03435051441192627,0.0024175643920898438,0.4,0.0,-0.4,0.4,0.0,-0.4,0.1040380597114563,0.10412269830703735,8.463859558105469e-05,0.4,0.0,0.4,0.0,0.0892760157585144,-0.014762043952941895,0.4,0.0,0.4,0.0,0.10842573642730713,0.00438767671585083
gemma_270m_it,instruct,birth_place,birth_place:8,birth_place:9,raw_question,declarative,0,12,0.0,0.0,0.0,0.0,0.0,0.0,0.03484076261520386,0.034962594509124756,0.00012183189392089844,0.0,0.0,0.0,0.0,0.03345966339111328,-0.0013810992240905762,0.0,0.0,0.0,0.0,0.03241384029388428,-0.00242692232131958,0.0,0.0,0.0,0.0,0.0,0.0,0.05777508020401001,0.06969761848449707,0.01192253828048706,0.0,0.0,0.0,0.0,0.040772080421447754,-0.017002999782562256,0.0,0.0,0.0,0.0,0.050790250301361084,-0.006984829902648926
gemma_270m_it,instruct,birth_place,birth_place:9,birth_place:0,raw_question,declarative,0,12,0.0,0.0,0.0,0.0,0.0,0.0,0.04402720928192139,0.04166942834854126,-0.002357780933380127,0.0,0.0,0.0,0.0,0.041694581508636475,-0.002332627773284912,0.0,0.0,0.0,0.0,0.047026753425598145,0.002999544143676758,0.0,0.0,0.0,0.0,0.0,0.0,0.05218148231506348,0.054591238498687744,0.0024097561836242676,0.0,0.0,0.0,0.0,-0.019583165645599365,-0.07176464796066284,0.0,0.0,0.0,0.0,0.00013744831085205078,-0.052044034004211426
gemma_270m_it,instruct,birth_place,birth_place:10,birth_place:11,raw_question,declarative,0,12,0.4,1.0,0.6,0.4,1.0,0.6,0.022014141082763672,0.00011497735977172852,-0.021899163722991943,0.4,0.0,0.4,0.0,0.02512228488922119,0.0031081438064575195,0.4,0.0,0.4,0.0,0.021758437156677246,-0.0002557039260864258,0.28571428571428575,0.0,-0.28571428571428575,0.28571428571428575,0.0,-0.28571428571428575,0.07427257299423218,0.08080399036407471,0.006531417369842529,0.0,-0.28571428571428575,0.0,-0.28571428571428575,0.037061333656311035,-0.03721123933792114,0.0,-0.28571428571428575,0.0,-0.28571428571428575,0.015245497226715088,-0.05902707576751709
gemma_270m_it,instruct,birth_place,birth_place:11,birth_place:2,raw_question,declarative,0,12,0.0,0.0,0.0,-0.6666666666666666,0.0,0.6666666666666666,0.041412532329559326,-0.0448000431060791,-0.08621257543563843,0.0,0.0,0.0,0.6666666666666666,0.03475755453109741,-0.006654977798461914,0.0,0.0,0.0,0.6666666666666666,0.04312235116958618,0.0017098188400268555,0.0,0.0,0.0,0.0,0.0,0.0,0.06129258871078491,0.04172593355178833,-0.019566655158996582,0.0,0.0,0.0,0.0,0.04795771837234497,-0.013334870338439941,0.0,0.0,0.0,0.0,0.030208945274353027,-0.031083643436431885
