layer,neuron,mean_abs_activation,activation_std,sharedness
0,1765,7.9165625,0.06703179632644496,118.09983968812674
1,283,5.39625,0.0321374003304561,167.9066146576754
0,1702,5.3115625,0.031701426919777606,167.54434963104902
0,550,3.975,0.030538781696393853,130.1581013091973
1,224,3.6659375,0.020820569006393654,176.06442141196493
6,725,3.56703125,0.23321897192807342,15.294707483714541
1,92,3.53640625,0.02548887241891057,138.73769910972138
0,1216,3.363125,0.04734761741629667,71.02900113071652
0,392,3.31765625,0.05280487186034542,62.827411670697074
0,1392,3.26921875,0.027319632220941414,119.66116755871138
0,284,3.23,0.05248139551307682,61.544446826844904
0,1707,3.19640625,0.01904135610158846,167.85770799304424
7,991,3.14578125,0.1470586451630352,21.391192985080867
0,174,3.145625,0.03116237715579477,100.93979815711587
0,1808,3.1246875,0.017113476962616333,182.57569348016585
0,1453,3.06328125,0.019184420559076053,159.66714102343994
0,1850,2.96578125,0.04000091551686662,74.14098079251961
0,198,2.88015625,0.056512192752427325,50.96431664403341
0,53,2.8140625,0.03817747413397068,73.70809242206163
15,338,2.8134375,0.13825820782597323,20.34900636448946
0,735,2.74125,0.03135295540296002,87.42916052439138
17,345,2.725625,0.05432109396910191,50.175256527303965
1,74,2.70921875,0.025184378683769427,107.57109448371885
4,1784,2.6859375,0.19795709565143152,13.568212460123133
0,87,2.68546875,0.03938336964617806,68.18615542474738
10,1112,2.67578125,0.03425939367075109,78.10129900183773
10,1189,2.65578125,0.06325539595313193,41.98439082694068
0,1734,2.6465625,0.01590069279151069,166.432752455946
0,1746,2.61640625,0.023939927259444625,109.28591953211983
4,1257,2.5840625,0.09547322514061207,27.0655508981011
2,2035,2.546875,0.03186887195995491,79.91481745518765
0,393,2.53953125,0.04787755990218695,53.04109512040695
0,907,2.533125,0.038099376635320426,66.48556323329628
17,1026,2.5328125,0.049484648819103486,51.18276834681473
0,1236,2.52171875,0.017243516671128892,146.23307791640866
0,1231,2.49875,0.017494418752848007,142.82310331058744
0,1406,2.48609375,0.08223249125003754,30.232131850523437
0,1530,2.46953125,0.02909566320240011,84.87334897550365
0,1527,2.45625,0.019640320453088334,125.05523780168188
17,2024,2.4475,0.05170529469986609,47.33466233089679
0,93,2.44609375,0.019056735808828856,128.35175041448528
14,1499,2.4378125,0.08769453820649266,27.798592150261907
4,990,2.43421875,0.09028208289681569,26.962069436442068
3,735,2.4028125,0.0192104911116296,125.07162958035396
4,6,2.3859375,0.056531414109767315,42.20476938004621
1,87,2.3753125,0.024703317717464594,96.14969039686471
17,1465,2.3671875,0.08960906849337293,26.41653488050915
15,783,2.34296875,0.19902257497973064,11.77231767763501
17,225,2.34109375,0.0968511815477101,24.171822591799444
4,1807,2.337890625,0.12990557248891163,17.996707789358034
4,1293,2.303359375,0.16184534220953617,14.231766647020851
4,60,2.286796875,0.16325057651482236,14.007808829903526
0,1373,2.2734375,0.033108781406901704,68.66362154617258
0,1798,2.2621875,0.030021151397806183,75.3506126201637
17,492,2.256875,0.0455178536400828,49.581103642132376
7,1405,2.24734375,0.05092192054692654,44.13226354385989
7,1253,2.23875,0.08483900193896672,26.387906044728055
0,1717,2.22921875,0.022969812900576706,97.04570576795011
0,1586,2.21609375,0.02989687679654014,74.1221112482627
4,723,2.215703125,0.3219885551361598,6.8812888171575795
0,1601,2.21453125,0.0208293616005748,106.31266477577093
0,1172,2.2140625,0.029522568168267475,74.99305258026767
6,1548,2.1875,0.024506854908372067,89.25709770106128
0,1679,2.18453125,0.06380263605202764,34.238350432233354
0,734,2.17796875,0.031860827118697026,68.35668092373564
8,65,2.1515625,0.022262198201210948,96.64211226772312
15,881,2.13984375,0.045197861450377276,47.34286841161435
17,352,2.139609375,0.105827832016426,20.2176413953799
17,798,2.13953125,0.04370840656770159,48.94898874195594
7,1061,2.133125,0.08345066609605342,25.561203266388464
15,633,2.128515625,0.10593574274906876,20.09232651264153
0,1041,2.11875,0.012499999999999999,169.48644108471325
0,1589,2.10671875,0.03933064217709266,53.562949152094774
0,335,2.097109375,0.027847042278703042,75.3054507032179
1,1556,2.09421875,0.01814855688994307,115.3867701949482
6,1453,2.090703125,0.0699896668573074,29.871170241346537
1,923,2.0734375,0.01801962905417312,115.05910774628838
0,1078,2.06875,0.028384222069663987,72.88123358425038
10,1015,2.060234375,0.02339305682081491,88.0665713852119
0,1165,2.06,0.02293417891488596,89.81835317896594
0,141,2.05796875,0.021796174943955193,94.4144713840872
1,208,2.046328125,0.03092121967471326,66.17662465781494
0,1362,2.035078125,0.021720857586588864,93.68803367242694
0,1478,2.0315625,0.05157338900174197,39.390917455781825
0,1474,2.031484375,0.03768598087216087,53.90414217289143
17,1402,2.026015625,0.046823604636677375,43.268184338561106
1,1001,2.0240625,0.04102388309722764,49.33743492219192
0,193,2.001484375,0.03785146171942207,52.87593683697036
4,1097,2.000234375,0.0680491173568539,29.393547765844364
0,823,1.9996875,0.025241025632885834,79.22056371715135
2,1950,1.9896875,0.021162503691671265,94.01503309600982
0,1848,1.978046875,0.02664726823328941,74.22797075154755
0,1501,1.96953125,0.06259270468423217,31.465324826765524
14,490,1.96828125,0.04212698205648608,46.7214700044471
0,371,1.96140625,0.04227161752804712,46.398977983765555
0,1407,1.9440625,0.02374074655260445,81.88371886173378
0,604,1.940390625,0.014047518060920052,138.12066273365505
3,513,1.935703125,0.0892121481248315,21.697509455573382
1,858,1.931328125,0.017126846102592123,112.75954451200454
15,713,1.9275,0.06338321260889984,30.409780616717132
17,1693,1.922734375,0.04111624562501877,46.76223676398369
7,345,1.92203125,0.059477501983418064,32.31472188952978
0,1336,1.910859375,0.01979802186891092,96.51281702963794
11,2011,1.91046875,0.04564024788016056,41.85838115154706
7,1228,1.907109375,0.06619815741334403,28.808665389683288
0,1237,1.89375,0.041955379944054856,45.136162903595334
11,605,1.885625,0.030045538354304787,62.75681337280723
0,1269,1.8725,0.03167446107473654,59.11516159407869
11,1515,1.871484375,0.04017744759092935,46.579310232546284
6,410,1.861640625,0.017687851973088052,105.24372230783057
1,1793,1.853828125,0.0731151085056767,25.35457866792883
0,644,1.8425,0.05956712337774924,30.930972733786636
0,1311,1.8415625,0.065346133684404,28.181228405424523
7,1440,1.836640625,0.20068880106534812,9.15163907308851
0,1802,1.83546875,0.04054710079416899,45.26645426174804
6,1490,1.82703125,0.09933875616577097,18.391742848162252
6,1518,1.823828125,0.03800723037195522,47.98508394502184
0,898,1.8221875,0.01795583775196802,101.47596838426037
0,1354,1.818984375,0.04269164911662321,42.60650047812899
0,2,1.818515625,0.016931870316709702,107.3955915911936
0,1138,1.801796875,0.05048174900319793,35.69133833987253
16,1682,1.798515625,0.03338955016987912,53.86301261434144
0,149,1.78953125,0.025141688332081042,71.17501622595509
0,1182,1.788203125,0.017742976988709507,100.77803449237076
0,332,1.778828125,0.01584589944739253,112.25086212638843
0,1516,1.7771875,0.027786153251214897,63.957163367294505
6,1666,1.769453125,0.12034037319171764,14.703614210725831
1,1332,1.7653125,0.024900191389826704,70.89269233604671
